MI_dir_L0.1_weight,MI_dir_L0.1_mean,MI_dir_L0.1_variance,H_L0.1_weight,H_L0.1_mean,H_L0.1_variance,HH_L0.1_weight,HH_L0.1_mean,HH_L0.1_std,HH_L0.1_magnitude,HH_L0.1_radius,HH_L0.1_covariance,HH_L0.1_pcc,HH_jit_L0.1_weight,HH_jit_L0.1_mean,HH_jit_L0.1_variance,HpHp_L0.1_weight,HpHp_L0.1_mean,HpHp_L0.1_std,HpHp_L0.1_magnitude,HpHp_L0.1_radius,HpHp_L0.1_covariance,HpHp_L0.1_pcc,Device_Name,Attack,Attack_subType,label
1,98,0,1,98,0,1,98,0,98,0,0,0,1,1505914321.04468,0,1,98,0,98,0,0,0,Danmini_Doorbell,gafgyt,combo,0
1.93163968775498,98,1.81898940354586E-12,1.93163968775498,98,1.81898940354586E-12,1.93163968775498,98,1.34869915234861E-06,138.592929112563,1.81898940354586E-12,0,0,1.93163968775498,726310169.416719,5.66234422650467E+17,1.93163968775498,98,1.34869915234861E-06,138.592929112563,1.81898940354586E-12,0,0,Danmini_Doorbell,gafgyt,combo,0
2.90427257251413,86.9817504380112,231.182162573376,2.90427257251413,86.9817504380112,231.182162573376,1,66,0,114.85643212289,0,0,0,1,1505914322.2721,0,1,66,0,114.85643212289,0,0,0,Danmini_Doorbell,gafgyt,combo,0
3.90254586237659,83.6552679581601,204.061434909725,3.90254586237659,83.6552679581601,204.061434909725,1,74,0,74,0,0,0,1,1505914322.28068,0,1,74,0,74,0,0,0,Danmini_Doorbell,gafgyt,combo,0
4.90254483048637,81.6858279444515,177.574638538532,4.90254483048637,81.6858279444515,177.574638538532,1.99999973558537,74,9.5367431640625E-07,74,9.09494701772928E-13,0,0,1.99999973558537,752957061.593883,5.66944486512505E+17,1,74,0,74,0,0,0,Danmini_Doorbell,gafgyt,combo,0
5.90253932119427,80.383705666866,155.802555687083,5.90253932119427,80.383705666866,155.802555687083,2.99999748806227,74,9.5367431640625E-07,74,9.09494701772928E-13,0,0,2.99999748806227,501971164.242279,5.03950515873595E+17,1,74,0,74,0,0,0,Danmini_Doorbell,gafgyt,combo,0
613.818537950257,74.095096090176,2.65911022240016,613.818537950257,74.095096090176,2.65911022240016,610.152839070514,73.9999999999999,3.814697265625E-06,95.2680429105163,1.48055010832647E-11,4.22286911637174E-27,6.70172848818446E-16,610.152839070515,2284732.9171742,3.4353920154083E+15,1,74,0,74,0,0,0,Danmini_Doorbell,gafgyt,combo,0
614.778927244372,74.0949414067834,2.65479959699042,614.778927244372,74.0949414067834,2.65479959699042,611.113464918124,73.9999999999999,3.814697265625E-06,95.2680429105163,1.48055010832647E-11,4.22255985497053E-27,6.70123768776283E-16,611.113464918124,2280994.27771132,3.4297790143052E+15,1,74,0,74,0,0,0,Danmini_Doorbell,gafgyt,combo,0
615.618169664219,74.0947871855283,2.65050180251455,615.618169664219,74.0947871855283,2.65050180251455,611.953665813982,73.9999999999999,3.56832255055804E-06,95.2680429105163,1.28621974215375E-11,4.22589559044232E-27,8.78091096473659E-16,611.953665813982,2277266.88068542,3.42418286418321E+15,1,74,0,74,0,0,0,Danmini_Doorbell,gafgyt,combo,0
616.596022016727,74.094633458968,2.64621774671559,616.596022016727,74.094633458968,2.64621774671559,612.931650001681,73.9999999999999,3.69356474514715E-06,95.2680429105163,1.37631522651841E-11,4.22585691452694E-27,8.48308829200658E-16,612.931650001682,2273551.51229131,3.41860474567584E+15,1,74,0,74,0,0,0,Danmini_Doorbell,gafgyt,combo,0
617.473888808621,74.0944801999223,2.64194667257652,617.473888808621,74.0944801999223,2.64194667257652,613.810242619714,73.9999999999999,3.69356474514715E-06,95.2680429105163,1.39125936955482E-11,4.2263575112332E-27,6.92723309174646E-16,613.810242619715,2269847.5149456,3.41304367175849E+15,1,74,0,74,0,0,0,Danmini_Doorbell,gafgyt,combo,0
618.15737066638,74.0943273582603,2.63768718343999,618.15737066638,74.0943273582603,2.63768718343999,614.495602468602,73.9999999999999,3.56832255055804E-06,95.2680429105163,1.30219823979827E-11,4.22651826828262E-27,7.17064020494771E-16,614.495602468602,2266153.67645688,3.4074978227161E+15,1,74,0,74,0,0,0,Danmini_Doorbell,gafgyt,combo,0
619.156992688661,74.0941750102139,2.63344140420395,619.156992688661,74.0941750102139,2.63344140420395,615.495226729903,73.9999999999999,3.814697265625E-06,95.2680429105163,1.48055010832647E-11,4.22767499389405E-27,6.70935545587263E-16,615.495226729904,2262471.83851885,3.40196996390244E+15,1,74,0,74,0,0,0,Danmini_Doorbell,gafgyt,combo,0
620.156644796107,74.0940231534032,2.62920926899369,620.156644796107,74.0940231534032,2.62920926899369,616.494880894826,73.9999999999999,3.814697265625E-06,95.2680429105163,1.48055010832647E-11,4.22882983376244E-27,6.71118819637015E-16,616.494880894826,2258801.94293882,3.39646000819415E+15,1,74,0,74,0,0,0,Danmini_Doorbell,gafgyt,combo,0
621.156214352663,74.0938717854361,2.62499071158891,621.156214352663,74.0938717854361,2.62499071158891,617.494452992969,73.9999999999999,3.814697265625E-06,95.2680429105163,1.48055010832647E-11,4.22998244288555E-27,6.71301739665631E-16,617.49445299297,2255143.93122393,3.39096786803279E+15,1,74,0,74,0,0,0,Danmini_Doorbell,gafgyt,combo,0
622.156132231262,74.0937209040406,2.62078566911259,622.156132231262,74.0937209040406,2.62078566911259,618.49437135568,73.9999999999999,3.814697265625E-06,95.2680429105163,1.48055010832647E-11,4.23113317710405E-27,6.71484362145323E-16,618.49437135568,2251497.74778934,3.3854934602235E+15,1,74,0,74,0,0,0,Danmini_Doorbell,gafgyt,combo,0
623.155607864765,74.0935705067676,2.61659407374827,623.155607864765,74.0935705067676,2.61659407374827,619.493850075393,73.9999999999999,3.69356474514715E-06,95.2680429105163,1.39125936955482E-11,4.2322814097411E-27,6.9369426881701E-16,619.493850075394,2247863.3327786,3.38003669515541E+15,1,74,0,74,0,0,0,Danmini_Doorbell,gafgyt,combo,0
623.748518474041,74.0934204935749,2.61241313769187,623.748518474041,74.0934204935749,2.61241313769187,620.089152804276,73.9999999999999,3.4385216478958E-06,95.2680429105163,1.18321730326513E-11,4.24254465259816E-27,1.82965653081166E-15,620.089152804277,2244238.26803882,3.37459394238506E+15,1,74,0,74,0,0,0,Danmini_Doorbell,gafgyt,combo,0
624.699701620709,74.0932709489323,2.60824521554969,624.699701620709,74.0932709489323,2.60824521554969,621.040622346361,73.9999999999999,3.56832255055804E-06,95.2680429105163,1.27410437254383E-11,4.24495858746381E-27,1.76410432334473E-15,621.040622346362,2240624.59417248,3.36916826598695E+15,1,74,0,74,0,0,0,Danmini_Doorbell,gafgyt,combo,0
625.66835954702,74.0931218748302,2.60409036320561,625.66835954702,74.0931218748302,2.60409036320561,622.00946385389,73.9999999999999,3.69356474514715E-06,95.2680429105163,1.36499975449657E-11,4.24718085901058E-27,1.70517889970443E-15,622.009463853891,2237022.35863804,3.36375973744491E+15,1,74,0,74,0,0,0,Danmini_Doorbell,gafgyt,combo,0
626.528902296387,74.0929732434191,2.59994780487796,626.528902296387,74.0929732434191,2.59994780487796,622.870822146389,73.9999999999999,3.69356474514715E-06,95.2680429105163,1.36499975449657E-11,4.25388910241401E-27,1.70787215800573E-15,622.87082214639,2233430.8878613,3.35836734566285E+15,1,74,0,74,0,0,0,Danmini_Doorbell,gafgyt,combo,0
627.528633093371,74.0928250856483,2.59581840357532,627.528633093371,74.0928250856483,2.59581840357532,623.870554515154,73.9999999999999,3.93209993898169E-06,95.2680429105163,1.54680959455572E-11,4.25728140976833E-27,1.605545885876E-15,623.870554515155,2229850.92905143,3.3529922127872E+15,1,74,0,74,0,0,0,Danmini_Doorbell,gafgyt,combo,0
628.528415313206,74.0926773992694,2.59170209705189,628.528415313206,74.0926773992694,2.59170209705189,624.870338004504,73.9999999999999,3.69356474514715E-06,95.2680429105163,1.36499975449657E-11,4.2596963213751E-27,1.71020366861644E-15,624.870338004505,2226282.42724646,3.34763425653417E+15,1,74,0,74,0,0,0,Danmini_Doorbell,gafgyt,combo,0
629.527376613247,74.0925301818446,2.58759881777132,629.527376613247,74.0925301818446,2.58759881777132,625.869305349849,73.9999999999999,3.69356474514715E-06,95.2680429105163,1.36499975449657E-11,4.26210214864228E-27,1.71116957188934E-15,625.86930534985,2222725.32289864,3.34229338773994E+15,1,74,0,74,0,0,0,Danmini_Doorbell,gafgyt,combo,0
630.472573271713,74.0923834186295,2.58350815519225,630.472573271713,74.0923834186295,2.58350815519225,626.814820460754,73.9999999999999,3.69356474514715E-06,95.2680429105163,1.36499975449657E-11,4.26883233039961E-27,1.71387163810803E-15,626.814820460755,2219179.25913453,3.33696907080794E+15,1,74,0,74,0,0,0,Danmini_Doorbell,gafgyt,combo,0
631.440493564571,74.0922371128104,2.579430198517,631.440493564571,74.0922371128104,2.579430198517,627.7829268674,73.9999999999999,3.814697265625E-06,95.2680429105163,1.45519152283669E-11,4.27357314473837E-27,0,627.782926867401,2215644.31231864,3.3316614206373E+15,1,74,0,74,0,0,0,Danmini_Doorbell,gafgyt,combo,0
632.440149205278,74.0920912695825,2.57536509295915,632.440149205278,74.0920912695825,2.57536509295915,628.78258450278,73.9999999999999,3.814697265625E-06,95.2680429105163,1.45519152283669E-11,4.27592649750406E-27,0,628.782584502781,2212120.60735779,3.32637062501066E+15,1,74,0,74,0,0,0,Danmini_Doorbell,gafgyt,combo,0
633.416737935537,74.0919458814611,2.57131263029623,633.416737935537,74.0919458814611,2.57131263029623,629.759308626457,73.9999999999999,3.93209993898169E-06,95.2680429105163,1.54614099301398E-11,4.27815687523564E-27,0,629.759308626458,2208607.96280213,3.32109641171627E+15,1,74,0,74,0,0,0,Danmini_Doorbell,gafgyt,combo,0
634.355451977376,74.0918009376742,2.56727251066968,634.355451977376,74.0918009376742,2.56727251066968,630.698376541262,73.9999999999999,3.69356474514715E-06,95.2680429105163,1.37104629463295E-11,4.28748042062674E-27,9.93826830519373E-16,630.698376541263,2205106.11779419,3.31583838930788E+15,1,74,0,74,0,0,0,Danmini_Doorbell,gafgyt,combo,0
635.330208680517,74.0916564444069,2.56324490686984,635.330208680517,74.0916564444069,2.56324490686984,631.673278772656,73.9999999999999,3.814697265625E-06,95.2680429105163,1.46157241760995E-11,4.2887159980089E-27,9.62546000025675E-16,631.673278772657,2201615.22116879,3.31059678149355E+15,1,74,0,74,0,0,0,Danmini_Doorbell,gafgyt,combo,0
635.850377756237,74.0915122965891,2.55922689051567,635.850377756237,74.0915122965891,2.55922689051567,632.196209731935,73.9999999999999,3.93209993898169E-06,95.2680429105163,1.54680959455572E-11,4.29517831708202E-27,1.6198379229223E-15,632.196209731936,2198132.73396565,3.30536777618132E+15,1,74,0,74,0,0,0,Danmini_Doorbell,gafgyt,combo,0
636.8056887589,74.091368591377,2.5552211701106,636.8056887589,74.091368591377,2.5552211701106,633.15177755776,73.9999999999999,4.15696997026508E-06,95.2680429105163,1.72863818158914E-11,4.29477926725879E-27,1.53207092865858E-15,633.151777557761,2194661.00284072,3.30015489715771E+15,1,74,0,74,0,0,0,Danmini_Doorbell,gafgyt,combo,0
637.749851936427,74.0912253242463,2.55122761992425,637.749851936427,74.0912253242463,2.55122761992425,634.096261119974,73.9999999999999,4.15696997026508E-06,95.2680429105163,1.72863818158914E-11,4.29658924025865E-27,1.53271659793334E-15,634.096261119975,2191199.91792957,3.29495797965762E+15,1,74,0,74,0,0,0,Danmini_Doorbell,gafgyt,combo,0
638.64143179738,74.0910824814558,2.54724585728673,638.64143179738,74.0910824814558,2.54724585728673,634.98846210663,73.9999999999999,4.15696997026508E-06,95.2680429105163,1.72863818158914E-11,4.29839532383505E-27,1.53336087973921E-15,634.988462106631,2187749.14670106,3.28977652459149E+15,1,74,0,74,0,0,0,Danmini_Doorbell,gafgyt,combo,0
639.601190148394,74.0909400763402,2.54327625427686,639.601190148394,74.0909400763402,2.54327625427686,635.948450636139,73.9999999999999,4.15696997026508E-06,95.2680429105163,1.72863818158914E-11,4.30030385287099E-27,1.5340417067784E-15,635.94845063614,2184309.01072211,3.28461101502678E+15,1,74,0,74,0,0,0,Danmini_Doorbell,gafgyt,combo,0
640.57662594959,74.0907981103791,2.53931885251586,640.57662594959,74.0907981103791,2.53931885251586,636.924026722596,73.9999999999999,4.15696997026508E-06,95.2680429105163,1.72863818158914E-11,4.30220890968642E-27,1.53472129517695E-15,636.924026722597,2180879.54516809,3.27946150399787E+15,1,74,0,74,0,0,0,Danmini_Doorbell,gafgyt,combo,0
641.530228684014,74.0906565767361,2.5353734618011,641.530228684014,74.0906565767361,2.5353734618011,637.877894016496,73.9999999999999,4.04609745704583E-06,95.2680429105163,1.63772193494598E-11,4.30406989581289E-27,1.57745829906897E-15,637.877894016497,2177460.58432217,3.27432774288862E+15,1,74,0,74,0,0,0,Danmini_Doorbell,gafgyt,combo,0
642.428585958927,74.0905154613207,2.53143968971381,642.428585958927,74.0905154613207,2.53143968971381,638.776829959773,73.9999999999999,4.04609745704583E-06,95.2680429105163,1.67702536733357E-11,4.33499892896887E-27,5.61723473692762E-16,638.776829959774,2174051.78725892,3.26920921999068E+15,1,74,0,74,0,0,0,Danmini_Doorbell,gafgyt,combo,0
643.333838709469,74.090374763823,2.52751752796303,643.333838709469,74.090374763823,2.52751752796303,639.682621281985,73.9999999999999,4.15696997026508E-06,95.2680429105163,1.75711457689992E-11,4.34348095999993E-27,5.85634867732256E-16,639.682621281987,2170653.145944,3.26410592345105E+15,1,74,0,74,0,0,0,Danmini_Doorbell,gafgyt,combo,0
644.306005569777,74.0902344969885,2.52360733220848,644.306005569777,74.0902344969885,2.52360733220848,640.654946108249,73.9999999999999,4.26496119976004E-06,95.2680429105163,1.84663263137254E-11,4.34873360802315E-27,5.71496547758995E-16,640.65494610825,2167264.96770779,3.25901831496112E+15,1,74,0,74,0,0,0,Danmini_Doorbell,gafgyt,combo,0
645.114183019151,74.0900946233051,2.5197080570797,645.114183019151,74.0900946233051,2.5197080570797,641.464210549723,73.9999999999999,4.15696997026508E-06,95.2680429105163,1.77584517494021E-11,4.3644923378766E-27,5.18979860050858E-16,641.464210549725,2163886.34591133,3.25394503332454E+15,1,74,0,74,0,0,0,Danmini_Doorbell,gafgyt,combo,0
646.04693628544,74.0899551680764,2.51582040830454,646.04693628544,74.0899551680764,2.51582040830454,642.39734428932,73.9999999999999,4.26496119976004E-06,95.2680429105163,1.8644641386345E-11,4.37070287989169E-27,5.06558790259115E-16,642.397344289321,2160517.8912257,3.24888699572982E+15,1,74,0,74,0,0,0,Danmini_Doorbell,gafgyt,combo,0
646.979720426354,74.0898161294555,2.51194433475212,646.979720426354,74.0898161294555,2.51194433475212,643.330508140202,73.9999999999999,4.15696997026508E-06,95.2680429105163,1.79898419854476E-11,4.38838903050308E-27,4.72005220567878E-16,643.330508140203,2157159.55851431,3.24384413459877E+15,1,74,0,74,0,0,0,Danmini_Doorbell,gafgyt,combo,0
647.979624198965,74.089677519959,2.50808018570478,647.979624198965,74.089677519959,2.50808018570478,644.330412455572,73.9999999999999,4.04609745704583E-06,95.2680429105163,1.71180820186407E-11,4.39376334084154E-27,4.85533153765189E-16,644.330412455573,2153811.64955826,3.2388169032954E+15,1,74,0,74,0,0,0,Danmini_Doorbell,gafgyt,combo,0
648.814991878357,74.089539302561,2.50422692929897,648.814991878357,74.089539302561,2.50422692929897,645.166707290966,73.9999999999999,4.15696997026508E-06,95.2680429105163,1.87497136067471E-11,4.41826424432859E-27,3.94030390308511E-16,645.166707290967,2150473.26953717,3.23380395834275E+15,1,74,0,74,0,0,0,Danmini_Doorbell,gafgyt,combo,0
649.676399996077,74.089401481174,2.50038467493505,649.676399996077,74.089401481174,2.50038467493505,646.028894710389,73.9999999999999,4.15696997026508E-06,95.2680429105163,1.89308214398794E-11,4.43410168219203E-27,3.83635873811242E-16,646.02889471039,2147144.51244277,3.2288054410815E+15,1,74,0,74,0,0,0,Danmini_Doorbell,gafgyt,combo,0
650.652758657646,74.0892640784196,2.49655405360954,650.652758657646,74.0892640784196,2.49655405360954,647.005386102509,73.9999999999999,4.04609745704583E-06,95.2680429105163,1.81044281247472E-11,4.44253680765097E-27,3.94898192476242E-16,647.00538610251,2143825.92413109,3.2238221713804E+15,1,74,0,74,0,0,0,Danmini_Doorbell,gafgyt,combo,0
651.56062586724,74.0891270780011,2.49273461132179,651.56062586724,74.0891270780011,2.49273461132179,647.913769782073,73.9999999999999,3.93209993898169E-06,95.2680429105163,1.70878540557678E-11,4.46293538548023E-27,4.20776010404616E-16,647.913769782075,2140517.11048632,3.21885355761502E+15,1,74,0,74,0,0,0,Danmini_Doorbell,gafgyt,combo,0
652.560539726153,74.0889904974502,2.48892683718168,652.560539726153,74.0889904974502,2.48892683718168,648.913684123128,73.9999999999999,3.93209993898169E-06,95.2680429105163,1.70878540557678E-11,4.46883705216834E-27,4.21332433374986E-16,648.913684123129,2137218.49441017,3.21390023503375E+15,1,74,0,74,0,0,0,Danmini_Doorbell,gafgyt,combo,0
653.56031325881,74.0888543348105,2.48513067698786,653.56031325881,74.0888543348105,2.48513067698786,649.913458921405,73.9999999999999,3.69356474514715E-06,95.2680429105163,1.54614099301398E-11,4.47317350518868E-27,4.48977882563116E-16,649.913458921406,2133930.02813044,3.20896213209673E+15,1,74,0,74,0,0,0,Danmini_Doorbell,gafgyt,combo,0
654.559816427571,74.0887185881109,2.48134607612519,654.559816427571,74.0887185881109,2.48134607612519,650.912964862475,73.9999999999999,3.93209993898169E-06,95.2680429105163,1.70878540557678E-11,4.47905538755054E-27,4.2229584198921E-16,650.912964862476,2130651.66352055,3.20403917673478E+15,1,74,0,74,0,0,0,Danmini_Doorbell,gafgyt,combo,0
655.558994320816,74.0885832553813,2.47757298001034,655.558994320816,74.0885832553813,2.47757298001034,651.912147336052,73.9999999999999,3.56832255055804E-06,95.2680429105163,1.46651614128105E-11,4.48337448618136E-27,4.65796082063277E-16,651.912147336054,2127383.35248783,3.19913129692777E+15,1,74,0,74,0,0,0,Danmini_Doorbell,gafgyt,combo,0
656.509150301095,74.0884483246566,2.47381105538261,656.509150301095,74.0884483246566,2.47381105538261,652.862580596507,73.9999999999999,3.69356474514715E-06,95.2680429105163,1.54614099301398E-11,4.48734945955139E-27,4.5040074039899E-16,652.862580596508,2124124.80556752,3.19423805819097E+15,1,74,0,74,0,0,0,Danmini_Doorbell,gafgyt,combo,0
657.456272379768,74.0883137935427,2.47006023582162,657.456272379768,74.0883137935427,2.47006023582162,653.809996384758,73.9999999999999,3.93209993898169E-06,95.2680429105163,1.70878540557678E-11,4.49698386605146E-27,4.23986180971214E-16,653.80999638476,2120875.96444219,3.18935937314395E+15,1,74,0,74,0,0,0,Danmini_Doorbell,gafgyt,combo,0
658.455957292885,74.0881796709905,2.46632077120285,658.455957292885,74.0881796709905,2.46632077120285,654.809683045359,73.9999999999999,3.93209993898169E-06,95.2680429105163,1.70878540557678E-11,4.50264026772077E-27,4.24519479780649E-16,654.80968304536,2117637.04476927,3.18449556582696E+15,1,74,0,74,0,0,0,Danmini_Doorbell,gafgyt,combo,0
659.45462974046,74.0880459549363,2.46259260432271,659.45462974046,74.0880459549363,2.46259260432271,655.808362844405,73.9999999999999,3.93209993898169E-06,95.2680429105163,1.70878540557678E-11,4.50846753913308E-27,4.25068888590015E-16,655.808362844406,2114407.9962168,3.17964656084731E+15,1,74,0,74,0,0,0,Danmini_Doorbell,gafgyt,combo,0
660.405088874239,74.0879126338029,2.45887541271986,660.405088874239,74.0879126338029,2.45887541271986,656.75909590032,73.9999999999999,3.93209993898169E-06,95.2680429105163,1.70878540557678E-11,4.5142856050573E-27,4.25617429484384E-16,656.759095900321,2111188.53871963,3.1748119378223E+15,1,74,0,74,0,0,0,Danmini_Doorbell,gafgyt,combo,0
661.340449603904,74.0877797028233,2.45516906379089,661.340449603904,74.0877797028233,2.45516906379089,657.694813493263,73.9999999999999,3.93209993898169E-06,95.2680429105163,1.70878540557678E-11,4.51966198945489E-27,4.26124327609009E-16,657.694813493265,2107978.55668237,3.16999152334949E+15,1,74,0,74,0,0,0,Danmini_Doorbell,gafgyt,combo,0
662.283434127424,74.0876471618321,2.45147355323297,662.283434127424,74.0876471618321,2.45147355323297,658.638112314328,73.9999999999999,3.814697265625E-06,95.2680429105163,1.58836421147252E-11,4.54776145897684E-27,4.7248550757446E-16,658.63811231433,2104778.04563385,3.16518531089809E+15,1,74,0,74,0,0,0,Danmini_Doorbell,gafgyt,combo,0
663.283291844509,74.0875150204637,2.44778914999097,663.283291844509,74.0875150204637,2.44778914999097,659.637970814563,73.9999999999999,3.69356474514715E-06,95.2680429105163,1.50548161011528E-11,4.55103313126693E-27,4.88331988755603E-16,659.637970814564,2101587.23773808,3.16039364929572E+15,1,74,0,74,0,0,0,Danmini_Doorbell,gafgyt,combo,0
664.268899729253,74.0873832740874,2.44411572526678,664.268899729253,74.0873832740874,2.44411572526678,660.623657796551,73.9999999999999,3.814697265625E-06,95.2680429105163,1.62695358267213E-11,4.56506712084994E-27,4.43651556110256E-16,660.623657796553,2098406.02069775,3.15561637008578E+15,1,74,0,74,0,0,0,Danmini_Doorbell,gafgyt,combo,0
665.046826016973,74.0872518799198,2.44045208644548,665.046826016973,74.0872518799198,2.44045208644548,661.402802735947,73.9999999999999,3.814697265625E-06,95.2680429105163,1.62695358267213E-11,4.59188063576299E-27,4.46257401172561E-16,661.402802735949,2095233.36100052,3.15085192139162E+15,1,74,0,74,0,0,0,Danmini_Doorbell,gafgyt,combo,0
665.867111529355,74.0871208449454,2.4367984285509,665.867111529355,74.0871208449454,2.4367984285509,662.224072966625,73.9999999999999,3.69356474514715E-06,95.2680429105163,1.45305833108709E-11,4.61204856440946E-27,5.58298838082248E-16,662.224072966626,2092069.42685401,3.146100555991E+15,1,74,0,74,0,0,0,Danmini_Doorbell,gafgyt,combo,0
666.574654730946,74.0869901456391,2.4331540959065,666.574654730946,74.0869901456391,2.4331540959065,662.933216234319,73.9999999999999,3.69356474514715E-06,95.2680429105163,1.41191546356459E-11,4.61364677832553E-27,6.54890277825187E-16,662.933216234321,2088913.64981752,3.14136142039378E+15,1,74,0,74,0,0,0,Danmini_Doorbell,gafgyt,combo,0
667.552987088813,74.0868598336679,2.42952052944383,667.552987088813,74.0868598336679,2.42952052944383,663.911666960603,73.9999999999999,3.814697265625E-06,95.2680429105163,1.49997708853977E-11,4.61641090587641E-27,6.34474683700381E-16,663.911666960604,2085767.27695905,3.13663638754864E+15,1,74,0,74,0,0,0,Danmini_Doorbell,gafgyt,combo,0
668.523002990116,74.0867299057024,2.42589763662727,668.523002990116,74.0867299057024,2.42589763662727,664.881846417016,73.9999999999999,3.69356474514715E-06,95.2680429105163,1.41191546356459E-11,4.61810608004858E-27,6.555232593872E-16,664.881846417017,2082630.22744033,3.13192533622057E+15,1,74,0,74,0,0,0,Danmini_Doorbell,gafgyt,combo,0
669.497703651005,74.0866003609628,2.42228539601547,669.497703651005,74.0866003609628,2.42228539601547,665.856684872497,73.9999999999999,3.69356474514715E-06,95.2680429105163,1.41191546356459E-11,4.61977377154649E-27,6.55759982092874E-16,665.856684872498,2079502.48197466,3.1272282376218E+15,1,74,0,74,0,0,0,Danmini_Doorbell,gafgyt,combo,0
670.4601090198,74.0864711953946,2.41868369484564,670.4601090198,74.0864711953946,2.41868369484564,666.819294697196,73.9999999999999,3.814697265625E-06,95.2680429105163,1.47284797464651E-11,4.62080414448582E-27,8.03317803261332E-16,666.819294697197,2076383.94221778,3.12254494423648E+15,1,74,0,74,0,0,0,Danmini_Doorbell,gafgyt,combo,0
671.395194630964,74.0863424021055,2.41509234122168,671.395194630964,74.0863424021055,2.41509234122168,667.754732814398,73.9999999999999,3.56832255055804E-06,95.2680429105164,1.28621974215375E-11,4.62478931716329E-27,9.60976492569359E-16,667.7547328144,2073274.44132055,3.11787520566743E+15,1,74,0,74,0,0,0,Danmini_Doorbell,gafgyt,combo,0
672.391466579864,74.0862139911925,2.41151161698872,672.391466579864,74.0862139911925,2.41151161698872,668.751024977663,73.9999999999999,3.56832255055804E-06,95.2680429105164,1.28621974215375E-11,4.62488814186886E-27,9.60997027173733E-16,668.751024977664,2070174.22260864,3.1132193875078E+15,1,74,0,74,0,0,0,Danmini_Doorbell,gafgyt,combo,0
673.306321594282,74.0860859454748,2.40794104334964,673.306321594282,74.0860859454748,2.40794104334964,669.666340981494,73.9999999999999,3.16297987971821E-06,95.2680429105164,1.04986578486343E-11,4.62679931647151E-27,8.1987968305516E-16,669.666340981496,2067082.87085017,3.10857686633631E+15,1,74,0,74,0,0,0,Danmini_Doorbell,gafgyt,combo,0
674.170207586097,74.0859582537665,2.40438030865789,674.170207586097,74.0859582537665,2.40438030865789,670.530962823152,73.9999999999999,3.4385216478958E-06,95.2680429105163,1.22444471506572E-11,4.6296822639461E-27,7.54649545031624E-16,670.530962823154,2064000.11556736,3.1039472361191E+15,1,74,0,74,0,0,0,Danmini_Doorbell,gafgyt,combo,0
675.169873347761,74.0858309402456,2.40083008741021,675.169873347761,74.0858309402456,2.40083008741021,671.530630389072,73.9999999999999,3.56832255055804E-06,95.2680429105163,1.3124799524723E-11,4.63149674883806E-27,7.27483504193456E-16,671.530630389073,2060926.54003386,3.09933137298013E+15,1,74,0,74,0,0,0,Danmini_Doorbell,gafgyt,combo,0
676.071981898915,74.0857039849176,2.39728982232373,676.071981898915,74.0857039849176,2.39728982232373,672.433266586348,73.9999999999999,3.4385216478958E-06,95.2680429105163,1.23704653640156E-11,4.6350008901591E-27,7.06720967770209E-16,672.43326658635,2057861.66112267,3.09472855151803E+15,1,74,0,74,0,0,0,Danmini_Doorbell,gafgyt,combo,0
677.071602026909,74.0855774045313,2.39375998073865,677.071602026909,74.0855774045313,2.39375998073865,673.432888758868,73.9999999999999,3.4385216478958E-06,95.2680429105163,1.23704653640156E-11,4.63669069755664E-27,7.06978620864056E-16,673.432888758869,2054805.88274376,3.09013937849595E+15,1,74,0,74,0,0,0,Danmini_Doorbell,gafgyt,combo,0
678.071087322579,74.0854511974033,2.3902405159879,678.071087322579,74.0854511974033,2.3902405159879,674.432376820658,73.9999999999999,3.4385216478958E-06,95.2680429105163,1.23704653640156E-11,4.63849378212688E-27,7.07253545875432E-16,674.432376820659,2051759.16382374,3.08556379239161E+15,1,74,0,74,0,0,0,Danmini_Doorbell,gafgyt,combo,0
679.064464758897,74.0853253607532,2.3867313508299,679.064464758897,74.0853253607532,2.3867313508299,675.425789795421,73.9999999999999,3.56832255055804E-06,95.2680429105163,1.32424427452507E-11,4.6402941514539E-27,6.81791095285654E-16,675.425789795423,2048721.43681556,3.08100169192704E+15,1,74,0,74,0,0,0,Danmini_Doorbell,gafgyt,combo,0
680.031988596642,74.085199888184,2.3832323071365,680.031988596642,74.085199888184,2.3832323071365,676.393487652282,73.9999999999999,3.4385216478958E-06,95.2680429105163,1.30219823979827E-11,4.64532262504251E-27,5.78320260060308E-16,676.393487652284,2045692.54686685,3.07645284470435E+15,1,74,0,74,0,0,0,Danmini_Doorbell,gafgyt,combo,0
680.921313045591,74.0850747637584,2.37974294074138,680.921313045591,74.0850747637584,2.37974294074138,677.283404269106,73.9999999999999,3.56832255055804E-06,95.2680429105163,1.36802636520691E-11,4.65090562006101E-27,5.82763027083419E-16,677.283404269108,2042672.10884692,3.07191667248126E+15,1,74,0,74,0,0,0,Danmini_Doorbell,gafgyt,combo,0
681.863644637527,74.0849499957576,2.37626348284903,681.863644637527,74.0849499957576,2.37626348284903,678.226043961852,73.9999999999999,3.69356474514715E-06,95.2680429105163,1.50548161011528E-11,4.67236747836154E-27,5.01351327730308E-16,678.226043961853,2039660.32225186,3.06739347502733E+15,1,74,0,74,0,0,0,Danmini_Doorbell,gafgyt,combo,0
682.863498148061,74.0848255931559,2.37279418400067,682.863498148061,74.0848255931559,2.37279418400067,679.225898253876,73.9999999999999,3.4385216478958E-06,95.2680429105163,1.3428528345897E-11,4.67785874608798E-27,5.39170638629552E-16,679.225898253877,2036657.40330032,3.06288357722513E+15,1,74,0,74,0,0,0,Danmini_Doorbell,gafgyt,combo,0
683.862132671055,74.0847015541295,2.36933499360111,683.862132671055,74.0847015541295,2.36933499360111,680.224540050738,73.9999999999999,3.4385216478958E-06,95.2680429105163,1.3428528345897E-11,4.68334190802731E-27,5.39802628624335E-16,680.22454005074,2033663.30755199,3.05838691248915E+15,1,74,0,74,0,0,0,Danmini_Doorbell,gafgyt,combo,0
684.684022437016,74.084577845161,2.36588497718185,684.684022437016,74.084577845161,2.36588497718185,681.047377218876,73.9999999999999,3.56832255055804E-06,95.2680429105163,1.44449406200407E-11,4.70601075213996E-27,5.0496129635031E-16,681.047377218877,2030677.22556736,3.05390226531055E+15,1,74,0,74,0,0,0,Danmini_Doorbell,gafgyt,combo,0
685.683875341628,74.0844544969998,2.36244499254462,685.683875341628,74.0844544969998,2.36244499254462,682.047230904774,73.9999999999999,3.56832255055804E-06,95.2680429105163,1.44449406200407E-11,4.71293724257256E-27,5.05704518109082E-16,682.047230904775,2027699.89916891,3.04943074996218E+15,1,74,0,74,0,0,0,Danmini_Doorbell,gafgyt,combo,0
686.566399848707,74.0843314870521,2.35901440983525,686.566399848707,74.0843314870521,2.35901440983525,682.930378463689,73.9999999999999,3.69356474514715E-06,95.2680429105163,1.52526898375512E-11,4.71985296606515E-27,4.89273883912646E-16,682.93037846369,2024730.78260792,3.04497154694588E+15,1,74,0,74,0,0,0,Danmini_Doorbell,gafgyt,combo,0
687.566014080087,74.084208834848,2.35559377399022,687.566014080087,74.084208834848,2.35559377399022,683.929994738081,73.9999999999999,3.4385216478958E-06,95.2680429105163,1.36499975449657E-11,4.72527547521652E-27,5.26168265162861E-16,683.929994738082,2021770.34689348,3.04052536381356E+15,1,74,0,74,0,0,0,Danmini_Doorbell,gafgyt,combo,0
688.565639112456,74.0840865388314,2.35218304186765,688.565639112456,74.0840865388314,2.35218304186765,684.929621753371,73.9999999999999,3.69356474514715E-06,95.2680429105163,1.52526898375512E-11,4.73217036307521E-27,4.90550741627947E-16,684.929621753372,2018818.55406299,3.03609214369884E+15,1,74,0,74,0,0,0,Danmini_Doorbell,gafgyt,combo,0
689.452766915759,74.0839645775559,2.34878161560209,689.452766915759,74.0839645775559,2.34878161560209,685.817345585931,73.9999999999999,3.4385216478958E-06,95.2680429105163,1.41264759504421E-11,4.75052535343054E-27,4.9689008148663E-16,685.817345585932,2015874.88609557,3.0316711087431E+15,1,74,0,74,0,0,0,Danmini_Doorbell,gafgyt,combo,0
690.13451931733,74.0838429134815,2.34538844844974,690.13451931733,74.0838429134815,2.34538844844974,686.500776077958,73.9999999999999,3.69356474514715E-06,95.2680429105163,1.69175793760026E-11,4.78473160524594E-27,4.09558021120856E-16,686.500776077959,2012938.43656823,3.02726089773937E+15,1,74,0,74,0,0,0,Danmini_Doorbell,gafgyt,combo,0
690.933533604762,74.0837215661891,2.34200408675042,690.933533604762,74.0837215661891,2.34200408675042,687.300848609041,73.9999999999999,3.69356474514715E-06,95.2680429105163,1.69175793760026E-11,4.78955628190896E-27,4.0997099831366E-16,687.300848609043,2010009.67773367,3.02286222010332E+15,1,74,0,74,0,0,0,Danmini_Doorbell,gafgyt,combo,0
691.933248147072,74.0836005695953,2.33862947666694,691.933248147072,74.0836005695953,2.33862947666694,688.300564652187,73.9999999999999,3.69356474514715E-06,95.2680429105163,1.69175793760026E-11,4.79437151920892E-27,4.10383167526586E-16,688.300564652189,2007089.42780079,3.01847630484193E+15,1,74,0,74,0,0,0,Danmini_Doorbell,gafgyt,combo,0
692.932527753085,74.0834799221062,2.33526457400421,692.932527753085,74.0834799221062,2.33526457400421,689.299848040304,73.9999999999999,3.69356474514715E-06,95.2680429105163,1.69175793760026E-11,4.80056758301871E-27,4.10913531158664E-16,689.299848040305,2004177.64792227,3.01410309375006E+15,1,74,0,74,0,0,0,Danmini_Doorbell,gafgyt,combo,0
693.932527753085,74.0833596223382,2.33190934042432,693.932527753085,74.0833596223382,2.33190934042432,690.299848040304,73.9999999999999,3.69356474514715E-06,95.2680429105163,1.69175793760026E-11,4.80675962870009E-27,4.11443550851551E-16,690.299848040305,2001274.30431933,3.00974253624296E+15,1,74,0,74,0,0,0,Danmini_Doorbell,gafgyt,combo,0
694.835860333637,74.0832396521019,2.3285632688594,694.835860333637,74.0832396521019,2.3285632688594,691.203686666847,73.9999999999999,3.69356474514715E-06,95.2680429105163,1.61483339111916E-11,4.81460197815851E-27,4.43458296456158E-16,691.203686666848,1998378.95763511,3.00539397258543E+15,1,74,0,74,0,0,0,Danmini_Doorbell,gafgyt,combo,0
695.835515849738,74.0831200266298,2.32522678439727,695.835515849738,74.0831200266298,2.32522678439727,692.203343983697,73.9999999999999,3.69356474514715E-06,95.2680429105163,1.61483339111916E-11,4.81901492667176E-27,4.43864759677607E-16,692.203343983699,1995491.9751104,3.00105795449262E+15,1,74,0,74,0,0,0,Danmini_Doorbell,gafgyt,combo,0
696.834894886752,74.0830007443905,2.32189984457727,696.834894886752,74.0830007443905,2.32189984457727,693.202726262058,73.9999999999999,3.56832255055804E-06,95.2680429105163,1.5387672024816E-11,4.82342147412937E-27,4.59863794619281E-16,693.202726262059,1992613.31941633,2.99673442603975E+15,1,74,0,74,0,0,0,Danmini_Doorbell,gafgyt,combo,0
697.834848823412,74.0828818040073,2.31858241123518,697.834848823412,74.0828818040073,2.31858241123518,694.202680438818,73.9999999999999,3.69356474514715E-06,95.2680429105163,1.61483339111916E-11,4.82782370830966E-27,4.44676109674287E-16,694.202680438819,1989742.9569479,2.99242333689813E+15,1,74,0,74,0,0,0,Danmini_Doorbell,gafgyt,combo,0
698.83441059385,74.0827632039459,2.31527444183303,698.83441059385,74.0827632039459,2.31527444183303,695.202244490202,73.9999999999999,3.69356474514715E-06,95.2680429105163,1.61483339111916E-11,4.83221957049825E-27,4.4508099912651E-16,695.202244490203,1986880.85031245,2.988124631049E+15,1,74,0,74,0,0,0,Danmini_Doorbell,gafgyt,combo,0
699.819154690978,74.0826449402439,2.3119758260882,699.819154690978,74.0826449402439,2.3119758260882,696.187067879323,73.9999999999999,3.69356474514715E-06,95.2680429105163,1.61483339111916E-11,4.83650390607342E-27,4.45475616202694E-16,696.187067879325,1984026.90351902,2.98383816446024E+15,1,74,0,74,0,0,0,Danmini_Doorbell,gafgyt,combo,0
700.765991702149,74.0825270050969,2.30868634655781,700.765991702149,74.0825270050969,2.30868634655781,697.134180808336,73.9999999999999,3.814697265625E-06,95.2680429105163,1.69236901146436E-11,4.85079473227506E-27,4.32604397556866E-16,697.134180808337,1981180.92787037,2.97956365385635E+15,1,74,0,74,0,0,0,Danmini_Doorbell,gafgyt,combo,0
1,60,0,1,60,0,1,60,0,60,0,0,0,1,1505661693,0,1,60,0,60,0,0,0,Danmini_Doorbell,Normal,Normal,1
1,354,0,2.597515222,346.6197997,34.09504708,2.597515222,346.6197997,5.839096427,346.6197997,34.09504708,0,0,2.597515222,31.24484876,6976.104978,2.597515222,346.6197997,5.839096427,346.6197997,34.09504708,0,0,Danmini_Doorbell,Normal,Normal,1
1.99693884,360.0091976,35.9999154,3.589563813,352.0188402,100.0815133,3.589563813,352.0188402,10.00407484,352.0188402,100.0815133,0,0,3.589563813,22.55281278,5228.309522,3.589563813,352.0188402,10.00407484,352.0188402,100.0815133,0,0,Danmini_Doorbell,Normal,Normal,1
1,337,0,1,337,0,1,337,0,337,0,0,0,1,1505661697,0,1,337,0,337,0,0,0,Danmini_Doorbell,Normal,Normal,1
1.992322924,197.9663139,19181.96518,1.992322924,197.9663139,19181.96518,1,60,0,419.5586605,62080.60969,0,0,1,1505661697,0,1,60,0,60,0,0,0,Danmini_Doorbell,Normal,Normal,1
2.990475769,156.1782094,16243.47257,2.990475769,156.1782094,16243.47257,1.999072863,66.50301459,6.499999301,321.9711993,70125.57705,-597.5677547,-0.34716478,1.999072863,752481698.1,5.67E+17,1,73,0,73,0,0,0,Danmini_Doorbell,Normal,Normal,1
3.977744194,139.541089,12984.1046,3.977744194,139.541089,12984.1046,1,90,0,90,0,0,0,1,1505661697,0,1,90,0,90,0,0,0,Danmini_Doorbell,Normal,Normal,1
4.629200875,173.7713838,14431.66042,4.629200875,173.7713838,14431.66042,1,298,0,298,0,0,0,1,1505661698,0,1,298,0,298,0,0,0,Danmini_Doorbell,Normal,Normal,1
4.5827393,148.9453188,13490.68862,4.5827393,148.9453188,13490.68862,2.405591299,63.79972306,5.912571728,229.2343626,55056.19783,-604.9532303,-0.436056047,2.405591299,439676404.3,4.69E+17,1,60,0,84.85281374,9.09E-13,0,0,Danmini_Doorbell,Normal,Normal,1
5.573056051,136.2152622,11811.07367,5.573056051,136.2152622,11811.07367,1,78,0,78,0,0,0,1,1505661702,0,1,78,0,78,0,0,0,Danmini_Doorbell,Normal,Normal,1
6.572682507,127.3581081,10451.25164,6.572682507,127.3581081,10451.25164,1,78,0,78,0,0,0,1,1505661702,0,1,78,0,78,0,0,0,Danmini_Doorbell,Normal,Normal,1
7.572635149,120.8401514,9350.34784,7.572635149,120.8401514,9350.34784,1,78,0,78,0,0,0,1,1505661702,0,1,78,0,78,0,0,0,Danmini_Doorbell,Normal,Normal,1
8.572342816,115.8426668,8448.708412,8.572342816,115.8426668,8448.708412,1,78,0,78,0,0,0,1,1505661702,0,1,78,0,78,0,0,0,Danmini_Doorbell,Normal,Normal,1
9.5723363,111.8893302,7700.067166,9.5723363,111.8893302,7700.067166,1,78,0,78,0,0,0,1,1505661702,0,1,78,0,78,0,0,0,Danmini_Doorbell,Normal,Normal,1
10.37437421,124.4308741,8432.345604,10.37437421,124.4308741,8432.345604,1,242,0,242,0,0,0,1,1505661702,0,1,242,0,242,0,0,0,Danmini_Doorbell,Normal,Normal,1
11.37132138,118.7647891,8023.766977,11.37132138,118.7647891,8023.766977,1,60,0,60,0,0,0,1,1505661702,0,1,60,0,60,0,0,0,Danmini_Doorbell,Normal,Normal,1
12.37131499,114.0147048,7631.763035,12.37131499,114.0147048,7631.763035,1,60,0,60,0,0,0,1,1505661702,0,1,60,0,60,0,0,0,Danmini_Doorbell,Normal,Normal,1
13.37092062,109.9749901,7262.874546,13.37092062,109.9749901,7262.874546,1,60,0,60,0,0,0,1,1505661702,0,1,60,0,60,0,0,0,Danmini_Doorbell,Normal,Normal,1
14.37029132,106.4973299,6919.167461,14.37029132,106.4973299,6919.167461,1,60,0,60,0,0,0,1,1505661702,0,1,60,0,60,0,0,0,Danmini_Doorbell,Normal,Normal,1
15.37009302,103.4721478,6600.507797,15.37009302,103.4721478,6600.507797,1,60,0,60,0,0,0,1,1505661702,0,1,60,0,60,0,0,0,Danmini_Doorbell,Normal,Normal,1
16.15210876,103.381005,6191.986851,16.15210876,103.381005,6191.986851,1.985725658,81.150958,20.99945741,109.8247603,440.9772117,0,0,1.985725658,747419144.5,5.67E+17,1.985725658,81.150958,20.99945741,109.8247603,440.9772117,0,0,Danmini_Doorbell,Normal,Normal,1
17.15209542,103.3004898,5831.086873,17.15209542,103.3004898,5831.086873,1.985725397,81.15096078,20.99945739,81.15096078,440.9772108,0,0,1.985725397,747419045,5.67E+17,1.985725397,81.15096078,20.99945739,81.15096078,440.9772108,0,0,Danmini_Doorbell,Normal,Normal,1
18.15188736,103.2288449,5509.936314,18.15188736,103.2288449,5509.936314,1.985744864,81.15075343,20.99945888,81.15075343,440.9772734,0,0,1.985744864,747426478.2,5.67E+17,1.985744864,81.15075343,20.99945888,81.15075343,440.9772734,0,0,Danmini_Doorbell,Normal,Normal,1
19.15117283,103.1646794,5222.303533,19.15117283,103.1646794,5222.303533,1.985752455,81.15067257,20.99945946,81.15067257,440.9772978,0,0,1.985752455,747429376.9,5.67E+17,1.985752455,81.15067257,20.99945946,81.15067257,440.9772978,0,0,Danmini_Doorbell,Normal,Normal,1
20.1482259,103.1068738,4963.173304,20.1482259,103.1068738,4963.173304,1.985614371,81.15214345,20.99944886,81.15214345,440.9768524,0,0,1.985614371,747376647.5,5.67E+17,1.985614371,81.15214345,20.99944886,81.15214345,440.9768524,0,0,Danmini_Doorbell,Normal,Normal,1
12.32661773,102.6925774,4562.478725,12.32661773,102.6925774,4562.478725,2.30190813,78.6570827,17.52587894,233.8053143,55057.04353,-1204.016718,-0.292785554,2.30190813,248671216.2,3.13E+17,1,98,0,98,0,0,0,Danmini_Doorbell,Normal,Normal,1
12.14461287,100.4123419,4244.745627,12.14461287,100.4123419,4244.745627,3.081177136,77.47017181,14.50518154,198.5476945,41387.28858,-1252.791147,-0.42454607,3.081177136,167964653.8,2.25E+17,1,75,0,75,0,0,0,Danmini_Doorbell,Normal,Normal,1
12.6807953,98.32948028,3960.682444,12.6807953,98.32948028,3960.682444,1,74,0,74,0,0,0,1,1505661713,0,1,74,0,74,0,0,0,Danmini_Doorbell,Normal,Normal,1
13.57288659,95.94756395,3740.206626,13.57288659,95.94756395,3740.206626,1.991490383,69.98290804,3.999963483,98.98286426,15.99970786,0,0,1.991490383,749614018.3,5.67E+17,1.991490383,69.98290804,3.999963483,98.98286426,15.99970786,0,0,Danmini_Doorbell,Normal,Normal,1
14.56910332,98.76533764,3591.221439,14.56910332,98.76533764,3591.221439,2.990935281,92.38964228,31.78400129,115.9130968,1010.222738,0,0,2.990935281,498985386.2,5.02E+17,2.990935281,92.38964228,31.78400129,115.9130968,1010.222738,0,0,Danmini_Doorbell,Normal,Normal,1
15.23308582,96.61440525,3421.319546,15.23308582,96.61440525,3421.319546,3.921953231,85.66094341,29.74783638,192.358232,10237.79957,775.8759803,0.258254481,3.921953231,371756590.6,4.22E+17,3.921953231,85.66094341,29.74783638,192.358232,10237.79957,775.8759803,0.258254481,Danmini_Doorbell,Normal,Normal,1
16.22494519,104.0341896,4048.633635,16.22494519,104.0341896,4048.633635,4.919857322,112.3566478,59.14889653,205.6402404,10782.83719,3689.239851,0.617591325,4.919857322,296194116.7,3.58E+17,4.919857322,112.3566478,59.14889653,205.6402404,10782.83719,3689.239851,0.617591325,Danmini_Doorbell,Normal,Normal,1
14.84102033,101.471415,3866.738654,14.84102033,101.471415,3866.738654,5.196984606,103.4367353,56.20789839,202.4789048,10863.7363,1728.74902,0.301674808,5.196984606,239200660.5,3.03E+17,5.196984606,103.4367353,56.20789839,202.4789048,10863.7363,1728.74902,0.301674808,Danmini_Doorbell,Normal,Normal,1
3.349963552,100.4351605,2714.999198,3.349963552,100.4351605,2714.999198,1.387426361,92.2672297,11.98250923,183.8236031,32268.87348,-501.4132948,-0.232947643,1.387426361,46902643.9,6.84E+16,1.113682486,98,1.91E-06,138.5929291,3.64E-12,0,0,Danmini_Doorbell,Normal,Normal,1
4.348152623,100.7950465,2091.029923,4.348152623,100.7950465,2091.029923,1.126809517,99.6536789,9.645738103,133.0406283,216.9438269,5.262135992,0.038969138,1.126809517,84113507.24,1.2E+17,1.126809517,99.6536789,9.645738103,133.0406283,216.9438269,5.262135992,0.038969138,Danmini_Doorbell,Normal,Normal,1
5.34815018,101.0203494,1700.26874,5.34815018,101.0203494,1700.26874,1.126809534,99.65367893,9.645738035,133.0573497,216.9367916,5.353751621,0.039648393,1.126809534,84113505.98,1.2E+17,1.126809534,99.65367893,9.645738035,133.0573497,216.9367916,5.353751621,0.039648393,Danmini_Doorbell,Normal,Normal,1
6.348146114,101.1746701,1432.559054,6.348146114,101.1746701,1432.559054,1.126812219,99.65361151,9.645868423,133.0521508,216.9401588,5.326047801,0.039442438,1.126812219,84115923.05,1.2E+17,1.126812219,99.65361151,9.645868423,133.0521508,216.9401588,5.326047801,0.039442438,Danmini_Doorbell,Normal,Normal,1
7.347798141,101.2869936,1237.674741,7.347798141,101.2869936,1237.674741,1.126810744,99.65362663,9.645839192,133.0483045,216.9415602,5.36362251,0.039720636,1.126810744,84115381.18,1.2E+17,1.126810744,99.65362663,9.645839192,133.0483045,216.9415602,5.36362251,0.039720636,Danmini_Doorbell,Normal,Normal,1
8.347794012,101.3724061,1089.464656,8.347794012,101.3724061,1089.464656,1.12682137,99.65361769,9.645856469,133.0444405,216.9432851,5.300825213,0.039255341,1.12682137,84115701.45,1.2E+17,1.12682137,99.65361769,9.645856469,133.0444405,216.9432851,5.300825213,0.039255341,Danmini_Doorbell,Normal,Normal,1
7.396905612,95.77920156,1142.298506,7.396905612,95.77920156,1142.298506,2.062548349,76.622879,18.27625527,141.0136017,11614.92157,-119.8669776,-0.0608687,2.062548349,24162503,3.58E+16,1.04711843,60,0,84.85281374,9.09E-13,0,0,Danmini_Doorbell,Normal,Normal,1
2.19645569,96.7902843,623.4571853,2.19645569,96.7902843,623.4571853,1.333618926,92.65228634,13.01075344,130.0279351,7060.596321,30.6883193,0.028074524,1.333618926,6044526.236,9.06E+15,1.137957937,98,0,138.5929291,0,0,0,Danmini_Doorbell,Normal,Normal,1
2.553250584,82.38108979,701.7689156,2.553250584,82.38108979,701.7689156,1.943084983,75.84793314,18.66748316,122.5458857,1863.275038,3.638178161,0.004555388,1.943084983,2933740.403,4.41E+15,1.119773689,60,0,84.85281374,0,0,0,Danmini_Doorbell,Normal,Normal,1
3.037399416,88.84020416,555.7268573,3.037399416,88.84020416,555.7268573,1.078808391,101.8285981,2.677592296,143.0251301,41.99531384,0.065717368,0.003815459,1.078808391,6144639.382,9.21E+15,1.078808391,101.8285981,2.677592296,143.0251301,41.99531384,0.065717368,0.003815459,Danmini_Doorbell,Normal,Normal,1
4.037179817,92.09985482,450.345629,4.037179817,92.09985482,450.345629,1.078802738,101.8286095,2.677503633,143.0253658,41.98729021,0.066847617,0.003881586,1.078802738,6144230.782,9.21E+15,1.078802738,101.8286095,2.677503633,143.0253658,41.98729021,0.066847617,0.003881586,Danmini_Doorbell,Normal,Normal,1
5.036892473,94.06538123,376.5319129,5.036892473,94.06538123,376.5319129,1.078797377,101.8286154,2.677457863,143.0247582,42.00859686,0.066492487,0.003860021,1.078797377,6144019.862,9.21E+15,1.078797377,101.8286154,2.677457863,143.0247582,42.00859686,0.066492487,0.003860021,Danmini_Doorbell,Normal,Normal,1
6.03651508,95.37981823,322.8580149,6.03651508,95.37981823,322.8580149,1.07879569,101.8286199,2.677422802,143.023627,42.04814898,0.06702967,0.003889369,1.07879569,6143858.29,9.21E+15,1.07879569,101.8286199,2.677422802,143.023627,42.04814898,0.06702967,0.003889369,Danmini_Doorbell,Normal,Normal,1
7.036069473,96.32071027,282.3154811,7.036069473,96.32071027,282.3154811,1.07879066,101.8286294,2.677348995,143.0224993,42.08766441,0.066177656,0.003838177,1.07879066,6143518.177,9.21E+15,1.07879066,101.8286294,2.677348995,143.0224993,42.08766441,0.066177656,0.003838177,Danmini_Doorbell,Normal,Normal,1
5.934430977,90.20037448,419.5794536,5.934430977,90.20037448,419.5794536,2.087062662,68.25451804,15.62644655,97.22790281,756.8023278,152.0300252,0.363507819,2.087062662,1528065.299,2.3E+15,1.626459562,60,9.54E-07,84.85281374,1.02E-12,0,0,Danmini_Doorbell,Normal,Normal,1
2.861386576,92.92619475,286.7747233,2.861386576,92.92619475,286.7747233,1.654625597,86.23168581,17.55474567,110.5915435,779.8020481,56.63477841,0.120540582,1.654625597,604564.1917,910000000000000,1.141210037,98,1.35E-06,138.5929291,4.07E-12,0,0,Danmini_Doorbell,Normal,Normal,1
3.02301009,82.03433737,431.9056184,3.02301009,82.03433737,431.9056184,2.169825953,74.1423817,18.36071484,114.0100361,587.8227746,16.21011666,0.040232474,2.169825953,325943.1397,491000000000000,1.36068018,60,6.74E-07,84.85281374,6.43E-13,0,0,Danmini_Doorbell,Normal,Normal,1
2.301242906,90.71037178,342.1711929,2.301242906,90.71037178,342.1711929,1.072197498,101.9884585,0.696139761,144.1606986,3.228616753,0.000331171,0.00026627,1.072197498,413791.8666,623000000000000,1.072197498,101.9884585,0.696139761,144.1606986,3.228616753,0.000331171,0.00026627,Danmini_Doorbell,Normal,Normal,1
3.301086722,94.13034501,265.4310964,3.301086722,94.13034501,265.4310964,1.07219744,101.9884593,0.696116358,144.1607003,3.228567487,0.000337362,0.000271259,1.07219744,413764.0404,623000000000000,1.07219744,101.9884593,0.696116358,144.1607003,3.228567487,0.000337362,0.000271259,Danmini_Doorbell,Normal,Normal,1
4.300850841,95.96013527,214.7668318,4.300850841,95.96013527,214.7668318,1.072197061,101.9884597,0.696102709,144.1606557,3.230308306,0.000335414,0.000269623,1.072197061,413747.812,623000000000000,1.072197061,101.9884597,0.696102709,144.1606557,3.230308306,0.000335414,0.000269623,Danmini_Doorbell,Normal,Normal,1
5.29999802,97.09973281,179.8291054,5.29999802,97.09973281,179.8291054,1.07218804,101.9884614,0.696053012,144.1604216,3.239436001,0.000338222,0.000271507,1.07218804,413688.7269,623000000000000,1.07218804,101.9884614,0.696053012,144.1604216,3.239436001,0.000338222,0.000271507,Danmini_Doorbell,Normal,Normal,1
6.299611949,97.87760092,154.4897274,6.299611949,97.87760092,154.4897274,1.072187774,101.988462,0.696032554,144.1605202,3.235621455,0.000333625,0.000267986,1.072187774,413664.4055,623000000000000,1.072187774,101.988462,0.696032554,144.1605202,3.235621455,0.000333625,0.000267986,Danmini_Doorbell,Normal,Normal,1
5.401466148,90.86513432,342.3290075,5.401466148,90.86513432,342.3290075,1.652302395,65.5831847,13.44899587,92.81375153,285.9774655,75.51190415,0.377248754,1.652302395,128687.6004,194000000000000,1.409053519,60,9.54E-07,84.85281374,1.02E-12,0,0,Danmini_Doorbell,Normal,Normal,1
4.152650059,92.58328191,269.1994523,4.152650059,92.58328191,269.1994523,1.964392093,82.08539697,18.74632141,105.1249293,415.4111141,13.67919166,0.049028277,1.964392093,63181.41508,95100000000000,1.141571319,98,1.35E-06,138.5929291,2.57E-12,-3.91E-29,-2.15E-17,Danmini_Doorbell,Normal,Normal,1
4.592990956,85.48915039,391.4119117,4.592990956,85.48915039,391.4119117,1,60,0,60,0,0,0,1,1505661835,0,1.000071309,60,6.74E-07,60,4.55E-13,0,0,Danmini_Doorbell,Normal,Normal,1
4.753185626,80.1266099,416.9943914,4.753185626,80.1266099,416.9943914,2.388875832,72.84029654,17.97291393,109.784764,491.0275574,25.73383488,0.074455067,2.388875832,36735.33003,55300000000000,1.581469368,60,6.74E-07,84.85281374,6.43E-13,0,0,Danmini_Doorbell,Normal,Normal,1
5.742875021,79.75630584,345.0340209,5.742875021,79.75630584,345.0340209,3.383693885,74.36516955,15.26770796,104.1150591,407.5079285,57.78398932,0.207011924,3.383693885,25878.76322,39000000000000,1,78,0,78,0,0,0,Danmini_Doorbell,Normal,Normal,1
6.531019239,79.48738827,292.6039637,6.531019239,79.48738827,292.6039637,4.258868756,75.21864277,13.44407653,122.6404683,1566.421623,129.3260642,0.243868666,4.258868756,19802.4499,29800000000000,1,78,0,78,0,0,0,Danmini_Doorbell,Normal,Normal,1
7.371977026,78.74303052,256.4430923,7.371977026,78.74303052,256.4430923,1,74,0,74,0,0,0,1,1505661839,0,1,74,0,74,0,0,0,Danmini_Doorbell,Normal,Normal,1
8.327943969,77.21287727,242.8074272,8.327943969,77.21287727,242.8074272,1.994026968,69.98801815,3.999982054,101.8544191,15.99985644,0,0,1.994026968,750575842.8,5.67E+17,1.994026968,69.98801815,3.999982054,101.8544191,15.99985644,0,0,Danmini_Doorbell,Normal,Normal,1
3.068791505,85.29003816,298.6549644,3.068791505,85.29003816,298.6549644,1.071545526,101.9992294,0.179902858,144.2438013,0.217663878,1.5E-06,1.79E-05,1.071545526,27664.72512,41600000000000,1.071545526,101.9992294,0.179902858,144.2438013,0.217663878,1.5E-06,1.79E-05,Danmini_Doorbell,Normal,Normal,1
4.06879044,89.3969004,277.0127461,4.06879044,89.3969004,277.0127461,1.071550353,101.9992294,0.179902472,144.2438083,0.217388687,1.52E-06,1.83E-05,1.071550353,27664.60569,41600000000000,1.071550353,101.9992294,0.179902472,144.2438083,0.217388687,1.52E-06,1.83E-05,Danmini_Doorbell,Normal,Normal,1
4.087479135,91.50164499,222.9190753,4.087479135,91.50164499,222.9190753,1.778579832,88.02737748,14.38254744,130.3860942,1206.433889,62.33477089,0.125713707,1.778579832,8682.378702,13000000000000,1.141801196,98,0,138.5929291,0,-7.48E-32,0,Danmini_Doorbell,Normal,Normal,1
4.76606908,84.89207965,340.6727989,4.76606908,84.89207965,340.6727989,2.638725065,77.40581715,17.70145675,113.635207,723.6138198,102.3918953,0.226489733,2.638725065,5392.457634,8100000000000,1.255997144,60,0,84.85281374,4.55E-13,0,0,Danmini_Doorbell,Normal,Normal,1
1.642683195,92.87165867,174.2067938,1.642683195,92.87165867,174.2067938,1.355820326,92.59528027,12.81904383,124.4796596,672.634874,22.7550677,0.069504744,1.355820326,1436.512051,2130000000000,1.141859962,98,0,138.5929291,3.64E-12,-1.43E-34,0,Danmini_Doorbell,Normal,Normal,1
2.165070021,97.08784625,114.454926,2.165070021,97.08784625,114.454926,1.07165009,101.9999485,0.04651828,144.249383,0.014571585,6.7E-09,1.2E-06,1.07165009,1886.068861,2780000000000,1.07165009,101.9999485,0.04651828,144.249383,0.014571585,6.7E-09,1.2E-06,Danmini_Doorbell,Normal,Normal,1
3.165068554,98.63983593,83.50795541,3.165068554,98.63983593,83.50795541,1.07165039,101.9999485,0.046518271,144.2493829,0.014577698,6.82E-09,1.22E-06,1.07165039,1886.068076,2780000000000,1.07165039,101.9999485,0.046518271,144.2493829,0.014577698,6.82E-09,1.22E-06,Danmini_Doorbell,Normal,Normal,1
4.165066985,99.44658504,65.51831383,4.165066985,99.44658504,65.51831383,1.004784631,101.999945,0.048041928,144.2443114,0.215097498,7.92E-09,3.56E-07,1.004784631,2047.911442,2970000000000,1.004784631,101.999945,0.048041928,144.2443114,0.215097498,7.92E-09,3.56E-07,Danmini_Doorbell,Normal,Normal,1
5.165062649,99.94094786,53.8513306,5.165062649,99.94094786,53.8513306,1.004785534,101.999945,0.048043012,144.2443033,0.21541825,8E-09,3.59E-07,1.004785534,2047.997483,2970000000000,1.004785534,101.999945,0.048043012,144.2443033,0.21541825,8E-09,3.59E-07,Danmini_Doorbell,Normal,Normal,1
6.165053686,100.2749356,45.69254796,6.165053686,100.2749356,45.69254796,1.004785874,101.999945,0.048043294,144.2443136,0.21501106,7.88E-09,3.54E-07,1.004785874,2048.019551,2970000000000,1.004785874,101.999945,0.048043294,144.2443136,0.21501106,7.88E-09,3.54E-07,Danmini_Doorbell,Normal,Normal,1
7.145745643,94.63872382,234.5293593,7.145745643,94.63872382,234.5293593,1.958597644,75.95312798,18.59896456,120.9351895,406.7128047,-10.46066044,-0.038455985,1.958597644,705.626681,1040000000000,1.119745577,60,9.54E-07,84.85281374,1.02E-12,0,0,Danmini_Doorbell,Normal,Normal,1
6.010396446,88.8755892,361.9226531,6.010396446,88.8755892,361.9226531,2.37331374,69.2312489,16.1931524,98.22204663,396.2429054,157.0925438,0.562853553,2.37331374,410.4676082,602000000000,1.785134196,60,6.74E-07,84.85281374,6.43E-13,1.98E-29,4.35E-17,Danmini_Doorbell,Normal,Normal,1
2.503550844,92.52017698,237.3306172,2.503550844,92.52017698,237.3306172,1.593704244,87.28274824,17.06302631,111.682061,415.9525957,61.37947588,0.208707645,1.593704244,165.4555587,224000000000,1.141607612,98,0,138.5929291,0,-2.74E-37,0,Danmini_Doorbell,Normal,Normal,1
2.769580466,80.7782625,395.6152967,2.769580466,80.7782625,395.6152967,2.126475184,74.45271456,18.42987896,114.8551783,451.9026678,11.9993624,0.037711624,2.126475184,90.00211536,119000000000,1.315645621,60,6.74E-07,84.85281374,6.43E-13,7.64E-30,1.68E-17,Danmini_Doorbell,Normal,Normal,1
2.499851182,89.26746284,345.4488163,2.499851182,89.26746284,345.4488163,1.071726003,101.9999966,0.012034286,144.2497566,0.000972593,3E-11,8.04E-08,1.071726003,162.6274986,186000000000,1.071726003,101.9999966,0.012034286,144.2497566,0.000972593,3E-11,8.04E-08,Danmini_Doorbell,Normal,Normal,1
3.495314582,92.91020711,279.72864,3.495314582,92.91020711,279.72864,1.071595907,101.9999966,0.012024095,144.2497567,0.000972092,3.05E-11,8.17E-08,1.071595907,162.4426584,186000000000,1.071595907,101.9999966,0.012024095,144.2497567,0.000972092,3.05E-11,8.17E-08,Danmini_Doorbell,Normal,Normal,1
4.495311405,94.93226789,231.7932692,4.495311405,94.93226789,231.7932692,1.067128643,101.9999965,0.012049423,144.249755,0.001036121,3.15E-11,8.17E-08,1.067128643,165.4080396,187000000000,1.067128643,101.9999965,0.012049423,144.249755,0.001036121,3.15E-11,8.17E-08,Danmini_Doorbell,Normal,Normal,1
5.495307393,96.21840743,197.0489851,5.495307393,96.21840743,197.0489851,1.067128853,101.9999965,0.012049783,144.249755,0.001038085,3.14E-11,8.13E-08,1.067128853,165.4151843,187000000000,1.067128853,101.9999965,0.012049783,144.249755,0.001038085,3.14E-11,8.13E-08,Danmini_Doorbell,Normal,Normal,1
6.495306213,97.10852598,171.0658413,6.495306213,97.10852598,171.0658413,1.067128699,101.9999965,0.012049699,144.2497548,0.001044853,3.18E-11,8.2E-08,1.067128699,165.4135516,187000000000,1.067128699,101.9999965,0.012049699,144.2497548,0.001044853,3.18E-11,8.2E-08,Danmini_Doorbell,Normal,Normal,1
5.540078232,90.41033068,343.8823007,5.540078232,90.41033068,343.8823007,1.803467808,66.43886785,14.24510927,94.00163909,289.7072994,90.61947609,0.44240022,1.803467808,47.88292914,52954443501,1.497103804,60,6.74E-07,84.85281374,6.43E-13,3.52E-29,7.73E-17,Danmini_Doorbell,Normal,Normal,1
3.578210448,92.53141032,259.3770661,3.578210448,92.53141032,259.3770661,1.839287705,83.59829977,18.43152487,106.8216304,397.6970597,24.05730847,0.090770628,1.839287705,27.84932274,24163709598,1.141886601,98,1.35E-06,138.5929291,1.82E-12,-5.25E-40,0,Danmini_Doorbell,Normal,Normal,1
3.52982282,83.31525076,400.7725266,3.52982282,83.31525076,400.7725266,2.300390817,73.33991254,18.13525189,111.2490647,473.2454061,18.61311816,0.055638284,2.300390817,17.91740002,13659533907,1.492582078,60,0,84.85281374,4.55E-13,1.73E-29,0,Danmini_Doorbell,Normal,Normal,1
2.027248957,92.53205128,290.3439193,2.027248957,92.53205128,290.3439193,1.071599047,101.9999998,0.003110698,144.2497816,6.52E-05,1.34E-13,5.36E-09,1.071599047,47.29613489,12435745290,1.071599047,101.9999998,0.003110698,144.2497816,6.52E-05,1.34E-13,5.36E-09,Danmini_Doorbell,Normal,Normal,1
3.027247718,95.65962775,214.2637232,3.027247718,95.65962775,214.2637232,1.071720467,101.9999998,0.003110522,144.2497816,6.51E-05,1.36E-13,5.47E-09,1.071720467,47.27238841,12434335779,1.071720467,101.9999998,0.003110522,144.2497816,6.51E-05,1.36E-13,5.47E-09,Danmini_Doorbell,Normal,Normal,1
4.027244766,97.23399748,168.5636221,4.027244766,97.23399748,168.5636221,1.071421474,101.9999998,0.003111003,144.2497816,6.54E-05,1.37E-13,5.47E-09,1.071421474,47.43792344,12438190106,1.071421474,101.9999998,0.003111003,144.2497816,6.54E-05,1.37E-13,5.47E-09,Danmini_Doorbell,Normal,Normal,1
5.027240839,98.18203292,138.6531431,5.027240839,98.18203292,138.6531431,1.071421482,101.9999998,0.003111097,144.2497816,6.55E-05,1.36E-13,5.44E-09,1.071421482,47.43840172,12438934956,1.071421482,101.9999998,0.003111097,144.2497816,6.55E-05,1.36E-13,5.44E-09,Danmini_Doorbell,Normal,Normal,1
6.027240507,98.81548485,117.6659652,6.027240507,98.81548485,117.6659652,1.071421482,101.9999998,0.003111075,144.2497816,6.58E-05,1.38E-13,5.5E-09,1.071421482,47.43829091,12438762485,1.071421482,101.9999998,0.003111075,144.2497816,6.58E-05,1.38E-13,5.5E-09,Danmini_Doorbell,Normal,Normal,1
4.829690858,90.77863818,340.6661179,4.829690858,90.77863818,340.6661179,1.425371593,63.9810109,11.636463,89.41471517,161.256194,31.30370173,0.287473671,1.425371593,22.43091348,4076395050,1.275997457,60,0,84.85281374,4.55E-13,1.61E-30,0,Danmini_Doorbell,Normal,Normal,1
5.829291799,85.49864205,416.858454,5.829291799,85.49864205,416.858454,2.42525382,62.33952873,9.13320096,88.247597,120.9402879,27.05650943,0.316571727,2.42525382,13.18251185,2395583449,2.275892026,60,6.74E-07,84.85281374,6.43E-13,1.25E-30,2.74E-18,Danmini_Doorbell,Normal,Normal,1
6.53457264,87.41175231,373.3221747,6.53457264,87.41175231,373.3221747,3.302637078,73.13710365,18.07255232,96.17929852,338.1526164,1.531604139,0.009056292,3.302637078,9.417634098,1670228745,1.141725002,98,0,138.5929291,3.64E-12,-4.85E-30,0,Danmini_Doorbell,Normal,Normal,1
5.617620722,82.53215048,416.8145294,5.617620722,82.53215048,416.8145294,3.333790785,69.19651334,16.27529231,101.0215606,424.661456,97.68488922,0.32944247,3.333790785,8.095354955,1169228880,2.526936649,60,9.54E-07,84.85281374,1.02E-12,-1.57E-29,-2.44E-17,Danmini_Doorbell,Normal,Normal,1
1.987370909,90.3152218,266.8940816,1.987370909,90.3152218,266.8940816,1.585957686,87.35808658,17.06282461,111.5835783,396.601173,42.23346137,0.150826041,1.585957686,18.80660973,431990564.2,1.141804657,98,0,138.5929291,1.82E-12,-9.28E-33,0,Danmini_Doorbell,Normal,Normal,1
2.773334067,94.52848206,202.1377099,2.773334067,94.52848206,202.1377099,1.07163898,102,0.000804284,144.2497832,4.34E-06,5.99E-16,3.59E-10,1.07163898,39.58143887,831328584,1.07163898,102,0.000804284,144.2497832,4.34E-06,5.99E-16,3.59E-10,Danmini_Doorbell,Normal,Normal,1
3.773330996,96.50856754,159.441118,3.773330996,96.50856754,159.441118,1.071647062,102,0.000804278,144.2497832,4.34E-06,6.1E-16,3.66E-10,1.071647062,39.57991611,831321861.3,1.071647062,102,0.000804278,144.2497832,4.34E-06,6.1E-16,3.66E-10,Danmini_Doorbell,Normal,Normal,1
4.773329125,97.65900832,131.0326735,4.773329125,97.65900832,131.0326735,1.071627108,102,0.000804299,144.2497832,4.34E-06,6.07E-16,3.64E-10,1.071627108,39.59083071,831363431.2,1.071627108,102,0.000804299,144.2497832,4.34E-06,6.07E-16,3.64E-10,Danmini_Doorbell,Normal,Normal,1
5.773325497,98.41091321,111.0351041,5.773325497,98.41091321,111.0351041,1.071627129,102,0.000804319,144.2497832,4.35E-06,6.12E-16,3.67E-10,1.071627129,39.59085164,831401912.8,1.071627129,102,0.000804319,144.2497832,4.35E-06,6.12E-16,3.67E-10,Danmini_Doorbell,Normal,Normal,1
6.773320726,98.94079906,96.26312288,6.773320726,98.94079906,96.26312288,1.071627065,102,0.000804324,144.2497832,4.35E-06,6.04E-16,3.62E-10,1.071627065,39.5908706,831412748.2,1.071627065,102,0.000804324,144.2497832,4.35E-06,6.04E-16,3.62E-10,Danmini_Doorbell,Normal,Normal,1
