Flow_ID,Src_IP,Src_Port,Dst_IP,Dst_Port,Protocol,Timestamp,Flow_Duration,Tot_Fwd_Pkts,Tot_Bwd_Pkts,TotLen_Fwd_Pkts,TotLen_Bwd_Pkts,Fwd_Pkt_Len_Max,Fwd_Pkt_Len_Min,Fwd_Pkt_Len_Mean,Fwd_Pkt_Len_Std,Bwd_Pkt_Len_Max,Bwd_Pkt_Len_Min,Bwd_Pkt_Len_Mean,Bwd_Pkt_Len_Std,Flow_Byts/s,Flow_Pkts/s,Flow_IAT_Mean,Flow_IAT_Std,Flow_IAT_Max,Flow_IAT_Min,Fwd_IAT_Tot,Fwd_IAT_Mean,Fwd_IAT_Std,Fwd_IAT_Max,Fwd_IAT_Min,Bwd_IAT_Tot,Bwd_IAT_Mean,Bwd_IAT_Std,Bwd_IAT_Max,Bwd_IAT_Min,Fwd_PSH_Flags,Bwd_PSH_Flags,Fwd_URG_Flags,Bwd_URG_Flags,Fwd_Header_Len,Bwd_Header_Len,Fwd_Pkts/s,Bwd_Pkts/s,Pkt_Len_Min,Pkt_Len_Max,Pkt_Len_Mean,Pkt_Len_Std,Pkt_Len_Var,FIN_Flag_Cnt,SYN_Flag_Cnt,RST_Flag_Cnt,PSH_Flag_Cnt,ACK_Flag_Cnt,URG_Flag_Cnt,CWE_Flag_Count,ECE_Flag_Cnt,Down/Up_Ratio,Pkt_Size_Avg,Fwd_Seg_Size_Avg,Bwd_Seg_Size_Avg,Fwd_Byts/b_Avg,Fwd_Pkts/b_Avg,Fwd_Blk_Rate_Avg,Bwd_Byts/b_Avg,Bwd_Pkts/b_Avg,Bwd_Blk_Rate_Avg,Subflow_Fwd_Pkts,Subflow_Fwd_Byts,Subflow_Bwd_Pkts,Subflow_Bwd_Byts,Init_Fwd_Win_Byts,Init_Bwd_Win_Byts,Fwd_Act_Data_Pkts,Fwd_Seg_Size_Min,Active_Mean,Active_Std,Active_Max,Active_Min,Idle_Mean,Idle_Std,Idle_Max,Idle_Min,Label,Cat,Sub_Cat
192.168.0.13-192.168.0.16-10000-10101-17,192.168.0.13,10000,192.168.0.16,10101,17,25/07/2019 03:25:53 AM,75,1,1,982.0,1430.0,982.0,982.0,982.0,0.0,1430.0,1430.0,1430.0,0.0,32160000.000000004,26666.66666666667,75.0,0.0,75.0,75.0,0.0,0.0,0.0,0.0,0.0,0.0,0.0,0.0,0.0,0.0,0,0,0,0,8,8,13333.333333333336,13333.333333333336,982.0,1430.0,1280.6666666666667,258.6529205969524,66901.33333333334,0,0,0,0,0,0,0,0,1.0,1921.0,982.0,1430.0,0,0,0,0,0,0,1,982,1,1430,-1,-1,1,0,0.0,0.0,0.0,0.0,75.0,0.0,75.0,75.0,Anomaly,Mirai,Mirai-Ackflooding
192.168.0.13-222.160.179.132-554-2179-6,222.160.179.132,2179,192.168.0.13,554,6,26/05/2019 10:11:06 PM,5310,1,2,0.0,0.0,0.0,0.0,0.0,0.0,0.0,0.0,0.0,0.0,0.0,564.9717514124294,2655.0,2261.327486234579,4254.0,1056.0,0.0,0.0,0.0,0.0,0.0,5310.0,5310.0,0.0,5310.0,5310.0,0,0,0,0,20,44,188.32391713747646,376.64783427495286,0.0,0.0,0.0,0.0,0.0,0,1,0,0,0,0,0,0,2.0,0.0,0.0,0.0,0,0,0,0,0,0,1,0,2,0,-1,14600,0,0,0.0,0.0,0.0,0.0,2655.0,2261.327486234579,4254.0,1056.0,Anomaly,DoS,DoS-Synflooding
192.168.0.13-192.168.0.16-9020-52727-6,192.168.0.16,52727,192.168.0.13,9020,6,11/07/2019 01:24:48 AM,141,0,3,0.0,2806.0,0.0,0.0,0.0,0.0,1388.0,30.0,935.3333333333336,784.0416655595117,19900709.219858155,21276.59574468085,70.5,0.7071067811865476,71.0,70.0,0.0,0.0,0.0,0.0,0.0,141.0,70.5,0.7071067811865476,71.0,70.0,0,0,0,0,0,96,0.0,21276.59574468085,30.0,1388.0,1048.5,679.0,461041.0,0,0,0,0,1,0,0,0,0.0,1398.0,0.0,935.3333333333336,0,0,0,0,0,0,0,0,3,2806,-1,1869,0,0,0.0,0.0,0.0,0.0,70.5,0.7071067811865476,71.0,70.0,Anomaly,Scan,Scan Port OS
192.168.0.13-192.168.0.16-9020-52964-6,192.168.0.16,52964,192.168.0.13,9020,6,04/09/2019 03:58:17 AM,151,0,2,0.0,2776.0,0.0,0.0,0.0,0.0,1388.0,1388.0,1388.0,0.0,18384105.9602649,13245.033112582783,151.0,0.0,151.0,151.0,0.0,0.0,0.0,0.0,0.0,151.0,151.0,0.0,151.0,151.0,0,0,0,0,0,64,0.0,13245.033112582783,1388.0,1388.0,1388.0,0.0,0.0,0,0,0,0,1,0,0,0,0.0,2082.0,0.0,1388.0,0,0,0,0,0,0,0,0,2,2776,-1,1869,0,0,0.0,0.0,0.0,0.0,151.0,0.0,151.0,151.0,Anomaly,Mirai,Mirai-Hostbruteforceg
192.168.0.1-239.255.255.250-36763-1900-17,192.168.0.1,36763,239.255.255.250,1900,17,10/09/2019 01:41:18 AM,153,2,1,886.0,420.0,452.0,434.0,443.0,12.727922061357855,420.0,420.0,420.0,0.0,8535947.712418301,19607.843137254906,76.5,0.7071067811865476,77.0,76.0,76.0,76.0,0.0,76.0,76.0,0.0,0.0,0.0,0.0,0.0,0,0,0,0,16,8,13071.895424836599,6535.9477124182995,420.0,452.0,431.5,15.176736583776279,230.33333333333331,0,0,0,0,0,0,0,0,0.0,575.3333333333334,443.0,420.0,0,0,0,0,0,0,2,886,1,420,-1,-1,2,0,0.0,0.0,0.0,0.0,76.5,0.7071067811865476,77.0,76.0,Anomaly,Mirai,Mirai-Hostbruteforceg
192.168.0.24-101.79.244.148-41980-443-6,192.168.0.24,41980,101.79.244.148,443,6,10/09/2019 01:39:13 AM,157,2,1,0.0,0.0,0.0,0.0,0.0,0.0,0.0,0.0,0.0,0.0,0.0,19108.280254777063,78.5,6.363961030678928,83.0,74.0,74.0,74.0,0.0,74.0,74.0,0.0,0.0,0.0,0.0,0.0,0,0,0,0,64,32,12738.853503184711,6369.426751592358,0.0,0.0,0.0,0.0,0.0,0,0,0,0,1,0,0,0,0.0,0.0,0.0,0.0,0,0,0,0,0,0,2,0,1,0,-1,5840,0,0,0.0,0.0,0.0,0.0,78.5,6.363961030678928,83.0,74.0,Anomaly,Mirai,Mirai-Hostbruteforceg
192.168.0.24-210.89.164.90-60175-8899-17,192.168.0.24,60175,210.89.164.90,8899,17,25/07/2019 03:21:01 AM,139,20,1,640.0,32.0,32.0,32.0,32.0,0.0,32.0,32.0,32.0,0.0,4834532.37410072,151079.1366906475,6.9499999999999975,1.6693837501494853,10.0,4.0,132.0,6.947368421052631,1.7150861400630166,10.0,4.0,0.0,0.0,0.0,0.0,0.0,0,0,0,0,160,8,143884.89208633095,7194.2446043165455,32.0,32.0,32.0,0.0,0.0,0,0,0,0,0,0,0,0,0.0,33.52380952380953,32.0,32.0,0,0,0,0,0,0,20,640,1,32,-1,-1,20,0,0.0,0.0,0.0,0.0,6.9499999999999975,1.6693837501494853,10.0,4.0,Anomaly,Mirai,Mirai-UDP Flooding
192.168.0.24-58.225.75.83-41467-443-6,192.168.0.24,41467,58.225.75.83,443,6,11/07/2019 01:52:37 AM,112,0,2,0.0,2896.0,0.0,0.0,0.0,0.0,1448.0,1448.0,1448.0,0.0,25857142.85714286,17857.14285714286,112.0,0.0,112.0,112.0,0.0,0.0,0.0,0.0,0.0,112.0,112.0,0.0,112.0,112.0,0,0,0,0,0,64,0.0,17857.14285714286,1448.0,1448.0,1448.0,0.0,0.0,0,0,0,0,1,0,0,0,0.0,2172.0,0.0,1448.0,0,0,0,0,0,0,0,0,2,2896,-1,155,0,0,0.0,0.0,0.0,0.0,112.0,0.0,112.0,112.0,Anomaly,Scan,Scan Port OS
192.168.0.13-210.89.164.90-60132-8899-17,192.168.0.13,60132,210.89.164.90,8899,17,25/07/2019 03:21:13 AM,86,1,1,32.0,32.0,32.0,32.0,32.0,0.0,32.0,32.0,32.0,0.0,744186.046511628,23255.81395348837,86.0,0.0,86.0,86.0,0.0,0.0,0.0,0.0,0.0,0.0,0.0,0.0,0.0,0.0,0,0,0,0,8,8,11627.906976744185,11627.906976744185,32.0,32.0,32.0,0.0,0.0,0,0,0,0,0,0,0,0,1.0,48.0,32.0,32.0,0,0,0,0,0,0,1,32,1,32,-1,-1,1,0,0.0,0.0,0.0,0.0,86.0,0.0,86.0,86.0,Anomaly,Mirai,Mirai-UDP Flooding
192.168.0.13-111.149.163.151-554-7953-6,111.149.163.151,7953,192.168.0.13,554,6,26/05/2019 10:20:36 PM,6799,0,2,0.0,0.0,0.0,0.0,0.0,0.0,0.0,0.0,0.0,0.0,0.0,294.1609060155905,6799.0,0.0,6799.0,6799.0,0.0,0.0,0.0,0.0,0.0,6799.0,6799.0,0.0,6799.0,6799.0,0,0,0,0,0,44,0.0,294.1609060155905,0.0,0.0,0.0,0.0,0.0,0,1,0,0,0,0,0,0,0.0,0.0,0.0,0.0,0,0,0,0,0,0,0,0,2,0,-1,14600,0,0,0.0,0.0,0.0,0.0,6799.0,0.0,6799.0,6799.0,Anomaly,DoS,DoS-Synflooding
192.168.0.24-40.100.49.34-10102-443-6,192.168.0.24,10102,40.100.49.34,443,6,04/09/2019 03:58:32 AM,54,2,3,0.0,4076.0,0.0,0.0,0.0,0.0,1460.0,1156.0,1358.6666666666667,175.51448183364622,75481481.48148148,92592.5925925926,13.5,4.795831523312719,20.0,9.0,40.0,40.0,0.0,40.0,40.0,43.0,21.5,2.1213203435596424,23.0,20.0,0,0,0,0,40,60,37037.03703703704,55555.555555555555,0.0,1460.0,922.6666666666667,724.327734293439,524650.6666666667,0,0,0,0,1,0,0,0,1.0,1107.2,0.0,1358.6666666666667,0,0,0,0,0,0,2,0,3,4076,-1,2048,0,0,0.0,0.0,0.0,0.0,13.5,4.795831523312719,20.0,9.0,Anomaly,Mirai,Mirai-Hostbruteforceg
192.168.0.24-104.118.134.215-43238-443-6,104.118.134.215,443,192.168.0.24,43238,6,25/07/2019 03:26:18 AM,165,1,1,1441.0,1441.0,1441.0,1441.0,1441.0,0.0,1441.0,1441.0,1441.0,0.0,17466666.666666668,12121.212121212122,165.0,0.0,165.0,165.0,0.0,0.0,0.0,0.0,0.0,0.0,0.0,0.0,0.0,0.0,0,0,0,0,32,32,6060.606060606061,6060.606060606061,1441.0,1441.0,1441.0,0.0,0.0,0,0,0,0,1,0,0,0,1.0,2161.5,1441.0,1441.0,0,0,0,0,0,0,1,1441,1,1441,-1,252,1,0,0.0,0.0,0.0,0.0,165.0,0.0,165.0,165.0,Anomaly,Mirai,Mirai-UDP Flooding
192.168.0.13-52.219.36.20-53604-443-6,192.168.0.13,53604,52.219.36.20,443,6,25/07/2019 03:24:59 AM,199,2,1,2800.0,1400.0,1400.0,1400.0,1400.0,0.0,1400.0,1400.0,1400.0,0.0,21105527.638190955,15075.376884422109,99.5,33.23401871576773,123.0,76.0,76.0,76.0,0.0,76.0,76.0,0.0,0.0,0.0,0.0,0.0,0,0,0,0,40,20,10050.251256281406,5025.125628140703,1400.0,1400.0,1400.0,0.0,0.0,0,0,0,0,1,0,0,0,0.0,1866.666666666667,1400.0,1400.0,0,0,0,0,0,0,2,2800,1,1400,-1,2800,2,0,0.0,0.0,0.0,0.0,99.5,33.23401871576773,123.0,76.0,Anomaly,Mirai,Mirai-UDP Flooding
192.168.0.13-192.168.0.16-10000-10101-17,192.168.0.13,10000,192.168.0.16,10101,17,25/07/2019 03:25:48 AM,212,3,1,4290.0,1430.0,1430.0,1430.0,1430.0,0.0,1430.0,1430.0,1430.0,0.0,26981132.0754717,18867.924528301886,70.66666666666667,0.5773502691896257,71.0,70.0,141.0,70.5,0.7071067811865476,71.0,70.0,0.0,0.0,0.0,0.0,0.0,0,0,0,0,24,8,14150.943396226416,4716.981132075472,1430.0,1430.0,1430.0,0.0,0.0,0,0,0,0,0,0,0,0,0.0,1787.5,1430.0,1430.0,0,0,0,0,0,0,3,4290,1,1430,-1,-1,3,0,0.0,0.0,0.0,0.0,70.66666666666667,0.5773502691896257,71.0,70.0,Anomaly,Mirai,Mirai-HTTP Flooding
192.168.0.24-210.89.164.90-60079-8899-17,192.168.0.24,60079,210.89.164.90,8899,17,25/07/2019 03:20:43 AM,40,10,1,320.0,32.0,32.0,32.0,32.0,0.0,32.0,32.0,32.0,0.0,8800000.0,275000.0,4.0,1.563471919941143,7.0,1.0,37.0,4.111111111111111,1.6158932858054431,7.0,1.0,0.0,0.0,0.0,0.0,0.0,0,0,0,0,80,8,250000.0,25000.0,32.0,32.0,32.0,0.0,0.0,0,0,0,0,0,0,0,0,0.0,34.90909090909091,32.0,32.0,0,0,0,0,0,0,10,320,1,32,-1,-1,10,0,1.0,0.0,1.0,1.0,4.333333333333332,1.224744871391589,7.0,3.0,Anomaly,Mirai,Mirai-UDP Flooding
192.168.0.13-192.168.0.23-9020-44144-6,192.168.0.13,9020,192.168.0.23,44144,6,26/05/2019 10:06:28 PM,60431,5,7,5680.0,1097.0,1388.0,1041.0,1136.0,144.46106741956459,1097.0,0.0,156.71428571428572,414.6270268911223,112144.42918369712,198.57357978520957,5493.727272727273,12649.922451073833,43394.0,121.0,56804.0,14201.000000000002,21738.29375395717,46693.0,898.0,60431.0,10071.833333333332,18541.28181563148,47389.0,371.0,0,1,0,0,160,224,82.73899157717067,115.83458820803892,0.0,1388.0,605.6923076923076,589.742370957492,347796.0641025641,0,0,0,1,1,0,0,0,1.0,656.1666666666666,1136.0,156.71428571428572,0,0,0,0,0,0,5,5680,7,1097,-1,32678,5,0,443.0,326.401593133367,898.0,121.0,9708.333333333334,16525.22015183661,43394.0,1394.0,Anomaly,DoS,DoS-Synflooding
192.168.0.13-192.168.0.16-56361-10101-17,192.168.0.13,56361,192.168.0.16,10101,17,25/07/2019 03:24:09 AM,293,0,5,0.0,168.0,0.0,0.0,0.0,0.0,40.0,32.0,33.6,3.577708763999663,573378.8395904436,17064.84641638225,73.25,0.4999999999999992,74.0,73.0,0.0,0.0,0.0,0.0,0.0,293.0,73.25,0.4999999999999992,74.0,73.0,0,0,0,0,0,40,0.0,17064.84641638225,32.0,40.0,34.66666666666667,4.1311822359545785,17.06666666666667,0,0,0,0,0,0,0,0,0.0,41.6,0.0,33.6,0,0,0,0,0,0,0,0,5,168,-1,-1,0,0,0.0,0.0,0.0,0.0,73.25,0.4999999999999992,74.0,73.0,Anomaly,Mirai,Mirai-HTTP Flooding
192.168.0.13-192.168.0.16-9020-49784-6,192.168.0.13,9020,192.168.0.16,49784,6,20/05/2019 04:56:32 AM,120,1,1,30.0,1388.0,30.0,30.0,30.0,0.0,1388.0,1388.0,1388.0,0.0,11816666.666666664,16666.666666666668,120.0,0.0,120.0,120.0,0.0,0.0,0.0,0.0,0.0,0.0,0.0,0.0,0.0,0.0,0,0,0,0,32,32,8333.333333333334,8333.333333333334,30.0,1388.0,935.3333333333333,784.0416655595117,614721.3333333335,0,0,0,0,1,0,0,0,1.0,1403.0,30.0,1388.0,0,0,0,0,0,0,1,30,1,1388,-1,1869,1,0,0.0,0.0,0.0,0.0,120.0,0.0,120.0,120.0,Normal,Normal,Normal
192.168.0.13-192.168.0.16-56361-10101-17,192.168.0.13,56361,192.168.0.16,10101,17,25/07/2019 03:24:23 AM,154,0,2,0.0,72.0,0.0,0.0,0.0,0.0,40.0,32.0,36.0,5.656854249492381,467532.4675324675,12987.012987012988,154.0,0.0,154.0,154.0,0.0,0.0,0.0,0.0,0.0,154.0,154.0,0.0,154.0,154.0,0,0,0,0,0,16,0.0,12987.012987012988,32.0,40.0,37.333333333333336,4.618802153517006,21.33333333333333,0,0,0,0,0,0,0,0,0.0,56.0,0.0,36.0,0,0,0,0,0,0,0,0,2,72,-1,-1,0,0,0.0,0.0,0.0,0.0,154.0,0.0,154.0,154.0,Anomaly,Mirai,Mirai-Ackflooding
192.168.0.24-210.89.164.90-60183-8899-17,192.168.0.24,60183,210.89.164.90,8899,17,25/07/2019 03:21:07 AM,267,2,1,64.0,32.0,32.0,32.0,32.0,0.0,32.0,32.0,32.0,0.0,359550.5617977528,11235.955056179775,133.5,185.969083452062,265.0,2.0,265.0,265.0,0.0,265.0,265.0,0.0,0.0,0.0,0.0,0.0,0,0,0,0,16,8,7490.636704119851,3745.3183520599255,32.0,32.0,32.0,0.0,0.0,0,0,0,0,0,0,0,0,0.0,42.66666666666666,32.0,32.0,0,0,0,0,0,0,2,64,1,32,-1,-1,2,0,0.0,0.0,0.0,0.0,133.5,185.969083452062,265.0,2.0,Anomaly,Mirai,Mirai-UDP Flooding
192.168.0.13-192.168.0.16-10000-10101-17,192.168.0.13,10000,192.168.0.16,10101,17,25/07/2019 03:25:42 AM,252,3,1,4290.0,1430.0,1430.0,1430.0,1430.0,0.0,1430.0,1430.0,1430.0,0.0,22698412.69841269,15873.015873015871,84.0,25.11971337416094,113.0,69.0,183.0,91.5,30.40559159102155,113.0,70.0,0.0,0.0,0.0,0.0,0.0,0,0,0,0,24,8,11904.761904761905,3968.2539682539677,1430.0,1430.0,1430.0,0.0,0.0,0,0,0,0,0,0,0,0,0.0,1787.5,1430.0,1430.0,0,0,0,0,0,0,3,4290,1,1430,-1,-1,3,0,0.0,0.0,0.0,0.0,84.0,25.11971337416094,113.0,69.0,Anomaly,Mirai,Mirai-Ackflooding
192.168.0.24-104.74.213.186-51875-443-6,104.74.213.186,443,192.168.0.24,51875,6,20/08/2019 03:04:01 AM,74,1,1,376.0,1448.0,376.0,376.0,376.0,0.0,1448.0,1448.0,1448.0,0.0,24648648.64864865,27027.027027027027,74.0,0.0,74.0,74.0,0.0,0.0,0.0,0.0,0.0,0.0,0.0,0.0,0.0,0.0,0,0,0,0,32,32,13513.513513513513,13513.513513513513,376.0,1448.0,1090.6666666666667,618.9194885712787,383061.33333333326,0,0,0,0,1,0,0,0,1.0,1636.0,376.0,1448.0,0,0,0,0,0,0,1,376,1,1448,-1,252,1,0,0.0,0.0,0.0,0.0,74.0,0.0,74.0,74.0,Anomaly,Mirai,Mirai-Hostbruteforceg
192.168.0.13-192.168.0.16-9020-52717-6,192.168.0.13,9020,192.168.0.16,52717,6,11/07/2019 01:23:27 AM,123,0,2,0.0,0.0,0.0,0.0,0.0,0.0,0.0,0.0,0.0,0.0,0.0,16260.162601626012,123.0,0.0,123.0,123.0,0.0,0.0,0.0,0.0,0.0,123.0,123.0,0.0,123.0,123.0,0,0,0,0,0,64,0.0,16260.162601626012,0.0,0.0,0.0,0.0,0.0,0,0,0,0,1,0,0,0,0.0,0.0,0.0,0.0,0,0,0,0,0,0,0,0,2,0,-1,32505,0,0,0.0,0.0,0.0,0.0,123.0,0.0,123.0,123.0,Anomaly,Scan,Scan Port OS
192.168.0.13-192.168.0.16-10000-10101-17,192.168.0.13,10000,192.168.0.16,10101,17,25/07/2019 03:25:24 AM,199,1,1,42.0,1430.0,42.0,42.0,42.0,0.0,1430.0,1430.0,1430.0,0.0,7396984.924623115,10050.251256281406,199.0,0.0,199.0,199.0,0.0,0.0,0.0,0.0,0.0,0.0,0.0,0.0,0.0,0.0,0,0,0,0,8,8,5025.125628140703,5025.125628140703,42.0,1430.0,967.3333333333333,801.3621736352006,642181.3333333335,0,0,0,0,0,0,0,0,1.0,1451.0,42.0,1430.0,0,0,0,0,0,0,1,42,1,1430,-1,-1,1,0,0.0,0.0,0.0,0.0,199.0,0.0,199.0,199.0,Anomaly,Mirai,Mirai-Ackflooding
192.168.0.16-124.156.245.147-56260-7100-6,192.168.0.16,56260,124.156.245.147,7100,6,10/09/2019 01:45:30 AM,143,0,2,0.0,2848.0,0.0,0.0,0.0,0.0,1424.0,1424.0,1424.0,0.0,19916083.91608392,13986.013986013986,143.0,0.0,143.0,143.0,0.0,0.0,0.0,0.0,0.0,143.0,143.0,0.0,143.0,143.0,0,0,0,0,0,40,0.0,13986.013986013986,1424.0,1424.0,1424.0,0.0,0.0,0,0,0,0,1,0,0,0,0.0,2136.0,0.0,1424.0,0,0,0,0,0,0,0,0,2,2848,-1,31,0,0,0.0,0.0,0.0,0.0,143.0,0.0,143.0,143.0,Anomaly,Mirai,Mirai-Hostbruteforceg
192.168.0.13-192.168.0.16-56361-10101-17,192.168.0.13,56361,192.168.0.16,10101,17,25/07/2019 03:24:08 AM,194,2,1,2860.0,1430.0,1430.0,1430.0,1430.0,0.0,1430.0,1430.0,1430.0,0.0,22113402.06185567,15463.917525773195,97.0,33.94112549695428,121.0,73.0,73.0,73.0,0.0,73.0,73.0,0.0,0.0,0.0,0.0,0.0,0,0,0,0,16,8,10309.278350515464,5154.639175257732,1430.0,1430.0,1430.0,0.0,0.0,0,0,0,0,0,0,0,0,0.0,1906.666666666667,1430.0,1430.0,0,0,0,0,0,0,2,2860,1,1430,-1,-1,2,0,0.0,0.0,0.0,0.0,97.0,33.94112549695428,121.0,73.0,Anomaly,Mirai,Mirai-Ackflooding
192.168.0.13-192.168.0.16-56361-10101-17,192.168.0.13,56361,192.168.0.16,10101,17,25/07/2019 03:23:04 AM,228,0,4,0.0,136.0,0.0,0.0,0.0,0.0,40.0,32.0,34.0,3.9999999999999987,596491.2280701754,17543.859649122805,76.0,1.0,77.0,75.0,0.0,0.0,0.0,0.0,0.0,228.0,76.0,1.0,77.0,75.0,0,0,0,0,0,32,0.0,17543.859649122805,32.0,40.0,35.2,4.3817804600413295,19.200000000000006,0,0,0,0,0,0,0,0,0.0,44.0,0.0,34.0,0,0,0,0,0,0,0,0,4,136,-1,-1,0,0,0.0,0.0,0.0,0.0,76.0,1.0,77.0,75.0,Anomaly,Mirai,Mirai-Ackflooding
192.168.0.13-192.168.0.16-56361-10101-17,192.168.0.13,56361,192.168.0.16,10101,17,25/07/2019 03:23:42 AM,273,3,1,4162.0,1430.0,1430.0,1302.0,1387.333333333333,73.9008344562721,1430.0,1430.0,1430.0,0.0,20483516.48351648,14652.01465201465,91.0,32.04684071792413,128.0,72.0,200.0,100.0,39.597979746446654,128.0,72.0,0.0,0.0,0.0,0.0,0.0,0,0,0,0,24,8,10989.010989010987,3663.0036630036625,1302.0,1430.0,1404.4,57.243340223994615,3276.8,0,0,0,0,0,0,0,0,0.0,1755.5,1387.333333333333,1430.0,0,0,0,0,0,0,3,4162,1,1430,-1,-1,3,0,0.0,0.0,0.0,0.0,91.0,32.04684071792413,128.0,72.0,Anomaly,Mirai,Mirai-UDP Flooding
192.168.0.13-192.168.0.16-9020-52739-6,192.168.0.16,52739,192.168.0.13,9020,6,11/07/2019 01:27:02 AM,124,1,1,0.0,0.0,0.0,0.0,0.0,0.0,0.0,0.0,0.0,0.0,0.0,16129.032258064517,124.0,0.0,124.0,124.0,0.0,0.0,0.0,0.0,0.0,0.0,0.0,0.0,0.0,0.0,0,0,0,0,32,32,8064.5161290322585,8064.5161290322585,0.0,0.0,0.0,0.0,0.0,0,0,0,0,1,0,0,0,1.0,0.0,0.0,0.0,0,0,0,0,0,0,1,0,1,0,-1,32679,0,0,0.0,0.0,0.0,0.0,124.0,0.0,124.0,124.0,Anomaly,Scan,Scan Hostport
180.182.63.82-192.168.0.24-443-43987-6,192.168.0.24,43987,180.182.63.82,443,6,10/09/2019 01:44:13 AM,153,0,3,0.0,4344.0,0.0,0.0,0.0,0.0,1448.0,1448.0,1448.0,0.0,28392156.8627451,19607.843137254906,76.5,0.7071067811865476,77.0,76.0,0.0,0.0,0.0,0.0,0.0,153.0,76.5,0.7071067811865476,77.0,76.0,0,0,0,0,0,96,0.0,19607.843137254906,1448.0,1448.0,1448.0,0.0,0.0,0,0,0,0,1,0,0,0,0.0,1930.666666666667,0.0,1448.0,0,0,0,0,0,0,0,0,3,4344,-1,82,0,0,0.0,0.0,0.0,0.0,76.5,0.7071067811865476,77.0,76.0,Anomaly,Mirai,Mirai-Hostbruteforceg
192.168.0.13-192.168.0.16-9020-52727-6,192.168.0.16,52727,192.168.0.13,9020,6,11/07/2019 01:24:22 AM,73,1,1,0.0,0.0,0.0,0.0,0.0,0.0,0.0,0.0,0.0,0.0,0.0,27397.260273972603,73.0,0.0,73.0,73.0,0.0,0.0,0.0,0.0,0.0,0.0,0.0,0.0,0.0,0.0,0,0,0,0,32,32,13698.6301369863,13698.6301369863,0.0,0.0,0.0,0.0,0.0,0,0,0,0,1,0,0,0,1.0,0.0,0.0,0.0,0,0,0,0,0,0,1,0,1,0,-1,32374,0,0,0.0,0.0,0.0,0.0,73.0,0.0,73.0,73.0,Anomaly,Scan,Scan Port OS
192.168.0.13-192.168.0.16-10000-10101-17,192.168.0.13,10000,192.168.0.16,10101,17,25/07/2019 03:25:12 AM,198,2,1,2048.0,1430.0,1430.0,618.0,1024.0,574.1707063234767,1430.0,1430.0,1430.0,0.0,17565656.565656565,15151.515151515152,99.0,36.76955262170047,125.0,73.0,73.0,73.0,0.0,73.0,73.0,0.0,0.0,0.0,0.0,0.0,0,0,0,0,16,8,10101.010101010104,5050.505050505051,618.0,1430.0,1227.0,406.0,164836.0,0,0,0,0,0,0,0,0,0.0,1636.0,1024.0,1430.0,0,0,0,0,0,0,2,2048,1,1430,-1,-1,2,0,0.0,0.0,0.0,0.0,99.0,36.76955262170047,125.0,73.0,Anomaly,Mirai,Mirai-Ackflooding
150.109.162.74-192.168.0.16-80-56369-6,150.109.162.74,80,192.168.0.16,56369,6,25/07/2019 03:22:37 AM,230,2,1,2880.0,1440.0,1440.0,1440.0,1440.0,0.0,1440.0,1440.0,1440.0,0.0,18782608.69565217,13043.478260869562,115.0,57.982756057296896,156.0,74.0,156.0,156.0,0.0,156.0,156.0,0.0,0.0,0.0,0.0,0.0,0,0,0,0,40,20,8695.652173913044,4347.826086956522,1440.0,1440.0,1440.0,0.0,0.0,0,0,0,0,1,0,0,0,0.0,1920.0,1440.0,1440.0,0,0,0,0,0,0,2,2880,1,1440,-1,123,2,0,0.0,0.0,0.0,0.0,115.0,57.982756057296896,156.0,74.0,Anomaly,Mirai,Mirai-Ackflooding
192.168.0.13-192.168.0.16-9020-52919-6,192.168.0.13,9020,192.168.0.16,52919,6,04/09/2019 03:54:29 AM,149,1,1,30.0,1388.0,30.0,30.0,30.0,0.0,1388.0,1388.0,1388.0,0.0,9516778.523489932,13422.818791946309,149.0,0.0,149.0,149.0,0.0,0.0,0.0,0.0,0.0,0.0,0.0,0.0,0.0,0.0,0,0,0,0,32,32,6711.4093959731545,6711.4093959731545,30.0,1388.0,935.3333333333333,784.0416655595117,614721.3333333335,0,0,0,0,1,0,0,0,1.0,1403.0,30.0,1388.0,0,0,0,0,0,0,1,30,1,1388,-1,1869,1,0,0.0,0.0,0.0,0.0,149.0,0.0,149.0,149.0,Anomaly,Mirai,Mirai-Hostbruteforceg
192.168.0.24-222.239.240.107-51252-443-6,192.168.0.24,51252,222.239.240.107,443,6,25/07/2019 03:25:05 AM,235,0,2,0.0,2896.0,0.0,0.0,0.0,0.0,1448.0,1448.0,1448.0,0.0,12323404.25531915,8510.638297872341,235.0,0.0,235.0,235.0,0.0,0.0,0.0,0.0,0.0,235.0,235.0,0.0,235.0,235.0,0,0,0,0,0,64,0.0,8510.638297872341,1448.0,1448.0,1448.0,0.0,0.0,0,0,0,0,1,0,0,0,0.0,2172.0,0.0,1448.0,0,0,0,0,0,0,0,0,2,2896,-1,155,0,0,0.0,0.0,0.0,0.0,235.0,0.0,235.0,235.0,Anomaly,Mirai,Mirai-HTTP Flooding
192.168.0.13-192.168.0.16-10000-10101-17,192.168.0.13,10000,192.168.0.16,10101,17,25/07/2019 03:25:41 AM,154,1,1,20.0,20.0,20.0,20.0,20.0,0.0,20.0,20.0,20.0,0.0,259740.25974025967,12987.012987012988,154.0,0.0,154.0,154.0,0.0,0.0,0.0,0.0,0.0,0.0,0.0,0.0,0.0,0.0,0,0,0,0,8,8,6493.506493506494,6493.506493506494,20.0,20.0,20.0,0.0,0.0,0,0,0,0,0,0,0,0,1.0,30.0,20.0,20.0,0,0,0,0,0,0,1,20,1,20,-1,-1,1,0,0.0,0.0,0.0,0.0,154.0,0.0,154.0,154.0,Anomaly,Mirai,Mirai-UDP Flooding
192.168.0.13-192.168.0.16-10000-10101-17,192.168.0.13,10000,192.168.0.16,10101,17,25/07/2019 03:25:23 AM,286,4,1,5720.0,1430.0,1430.0,1430.0,1430.0,0.0,1430.0,1430.0,1430.0,0.0,25000000.0,17482.51748251748,71.5,1.7320508075688783,74.0,70.0,212.0,70.66666666666667,0.5773502691896257,71.0,70.0,0.0,0.0,0.0,0.0,0.0,0,0,0,0,32,8,13986.013986013986,3496.5034965034965,1430.0,1430.0,1430.0,0.0,0.0,0,0,0,0,0,0,0,0,0.0,1716.0,1430.0,1430.0,0,0,0,0,0,0,4,5720,1,1430,-1,-1,4,0,0.0,0.0,0.0,0.0,71.5,1.7320508075688783,74.0,70.0,Anomaly,Mirai,Mirai-UDP Flooding
192.168.0.24-104.74.213.186-51875-443-6,104.74.213.186,443,192.168.0.24,51875,6,20/08/2019 03:03:33 AM,117,1,1,1448.0,1448.0,1448.0,1448.0,1448.0,0.0,1448.0,1448.0,1448.0,0.0,24752136.75213675,17094.017094017094,117.0,0.0,117.0,117.0,0.0,0.0,0.0,0.0,0.0,0.0,0.0,0.0,0.0,0.0,0,0,0,0,32,32,8547.008547008547,8547.008547008547,1448.0,1448.0,1448.0,0.0,0.0,0,0,0,0,1,0,0,0,1.0,2172.0,1448.0,1448.0,0,0,0,0,0,0,1,1448,1,1448,-1,252,1,0,0.0,0.0,0.0,0.0,117.0,0.0,117.0,117.0,Anomaly,Mirai,Mirai-Hostbruteforceg
192.168.0.13-222.26.224.216-554-7004-6,222.26.224.216,7004,192.168.0.13,554,6,26/05/2019 10:06:50 PM,4125,5,2,0.0,0.0,0.0,0.0,0.0,0.0,0.0,0.0,0.0,0.0,0.0,1696.969696969697,687.5,805.0149688049286,2322.0,289.0,1372.0,343.0,96.85384177546426,488.0,289.0,4125.0,4125.0,0.0,4125.0,4125.0,0,0,0,0,100,44,1212.121212121212,484.8484848484848,0.0,0.0,0.0,0.0,0.0,0,1,0,0,0,0,0,0,0.0,0.0,0.0,0.0,0,0,0,0,0,0,5,0,2,0,-1,14600,0,0,1803.0,0.0,1803.0,1803.0,2322.0,0.0,2322.0,2322.0,Anomaly,DoS,DoS-Synflooding
192.168.0.13-192.168.0.16-10000-10101-17,192.168.0.13,10000,192.168.0.16,10101,17,25/07/2019 03:25:05 AM,300,3,1,4134.0,1430.0,1430.0,1274.0,1378.0,90.0666419935816,1430.0,1430.0,1430.0,0.0,18546666.666666668,13333.333333333336,100.0,27.2213151776324,120.0,69.0,180.0,90.0,29.698484809834994,111.0,69.0,0.0,0.0,0.0,0.0,0.0,0,0,0,0,24,8,10000.0,3333.333333333333,1274.0,1430.0,1398.8,69.76532089799343,4867.2,0,0,0,0,0,0,0,0,0.0,1748.5,1378.0,1430.0,0,0,0,0,0,0,3,4134,1,1430,-1,-1,3,0,0.0,0.0,0.0,0.0,100.0,27.2213151776324,120.0,69.0,Anomaly,Mirai,Mirai-HTTP Flooding
192.168.0.14-239.255.255.250-58224-1900-17,192.168.0.14,58224,239.255.255.250,1900,17,25/07/2019 03:24:47 AM,161,1,1,175.0,175.0,175.0,175.0,175.0,0.0,175.0,175.0,175.0,0.0,2173913.0434782607,12422.360248447205,161.0,0.0,161.0,161.0,0.0,0.0,0.0,0.0,0.0,0.0,0.0,0.0,0.0,0.0,0,0,0,0,8,8,6211.180124223602,6211.180124223602,175.0,175.0,175.0,0.0,0.0,0,0,0,0,0,0,0,0,1.0,262.5,175.0,175.0,0,0,0,0,0,0,1,175,1,175,-1,-1,1,0,0.0,0.0,0.0,0.0,161.0,0.0,161.0,161.0,Anomaly,Mirai,Mirai-HTTP Flooding
163.152.127.193-192.168.0.13-10101-56361-17,192.168.0.13,56361,163.152.127.193,10101,17,20/08/2019 03:03:37 AM,112,1,1,1430.0,1430.0,1430.0,1430.0,1430.0,0.0,1430.0,1430.0,1430.0,0.0,25535714.28571429,17857.14285714286,112.0,0.0,112.0,112.0,0.0,0.0,0.0,0.0,0.0,0.0,0.0,0.0,0.0,0.0,0,0,0,0,8,8,8928.57142857143,8928.57142857143,1430.0,1430.0,1430.0,0.0,0.0,0,0,0,0,0,0,0,0,1.0,2145.0,1430.0,1430.0,0,0,0,0,0,0,1,1430,1,1430,-1,-1,1,0,0.0,0.0,0.0,0.0,112.0,0.0,112.0,112.0,Anomaly,Mirai,Mirai-Hostbruteforceg
192.168.0.24-104.118.134.215-43238-443-6,104.118.134.215,443,192.168.0.24,43238,6,25/07/2019 03:26:18 AM,118,1,1,1441.0,1441.0,1441.0,1441.0,1441.0,0.0,1441.0,1441.0,1441.0,0.0,24423728.813559324,16949.15254237288,118.0,0.0,118.0,118.0,0.0,0.0,0.0,0.0,0.0,0.0,0.0,0.0,0.0,0.0,0,0,0,0,32,32,8474.57627118644,8474.57627118644,1441.0,1441.0,1441.0,0.0,0.0,0,0,0,0,1,0,0,0,1.0,2161.5,1441.0,1441.0,0,0,0,0,0,0,1,1441,1,1441,-1,252,1,0,0.0,0.0,0.0,0.0,118.0,0.0,118.0,118.0,Anomaly,Mirai,Mirai-Ackflooding
192.168.0.13-192.168.0.16-9020-52727-6,192.168.0.16,52727,192.168.0.13,9020,6,11/07/2019 01:25:42 AM,131,0,2,0.0,2776.0,0.0,0.0,0.0,0.0,1388.0,1388.0,1388.0,0.0,21190839.694656488,15267.175572519085,131.0,0.0,131.0,131.0,0.0,0.0,0.0,0.0,0.0,131.0,131.0,0.0,131.0,131.0,0,0,0,0,0,64,0.0,15267.175572519085,1388.0,1388.0,1388.0,0.0,0.0,0,0,0,0,1,0,0,0,0.0,2082.0,0.0,1388.0,0,0,0,0,0,0,0,0,2,2776,-1,1869,0,0,0.0,0.0,0.0,0.0,131.0,0.0,131.0,131.0,Anomaly,Scan,Scan Port OS
192.168.0.13-192.168.0.16-9020-52704-6,192.168.0.16,52704,192.168.0.13,9020,6,11/07/2019 01:12:33 AM,124,0,2,0.0,1418.0,0.0,0.0,0.0,0.0,1388.0,30.0,709.0,960.2510088513317,11435483.870967742,16129.032258064517,124.0,0.0,124.0,124.0,0.0,0.0,0.0,0.0,0.0,124.0,124.0,0.0,124.0,124.0,0,0,0,0,0,64,0.0,16129.032258064517,30.0,1388.0,935.3333333333333,784.0416655595117,614721.3333333335,0,0,0,0,1,0,0,0,0.0,1403.0,0.0,709.0,0,0,0,0,0,0,0,0,2,1418,-1,1869,0,0,0.0,0.0,0.0,0.0,124.0,0.0,124.0,124.0,Anomaly,Scan,Scan Hostport
192.168.0.13-192.168.0.16-9020-52717-6,192.168.0.16,52717,192.168.0.13,9020,6,11/07/2019 01:15:37 AM,125,1,1,0.0,0.0,0.0,0.0,0.0,0.0,0.0,0.0,0.0,0.0,0.0,16000.0,125.0,0.0,125.0,125.0,0.0,0.0,0.0,0.0,0.0,0.0,0.0,0.0,0.0,0.0,0,0,0,0,32,32,8000.0,8000.0,0.0,0.0,0.0,0.0,0.0,0,0,0,0,1,0,0,0,1.0,0.0,0.0,0.0,0,0,0,0,0,0,1,0,1,0,-1,32505,0,0,0.0,0.0,0.0,0.0,125.0,0.0,125.0,125.0,Anomaly,Scan,Scan Port OS
192.168.0.13-192.168.0.16-9020-52739-6,192.168.0.16,52739,192.168.0.13,9020,6,11/07/2019 01:30:44 AM,160,2,1,0.0,0.0,0.0,0.0,0.0,0.0,0.0,0.0,0.0,0.0,0.0,18750.0,80.0,8.48528137423857,86.0,74.0,74.0,74.0,0.0,74.0,74.0,0.0,0.0,0.0,0.0,0.0,0,0,0,0,64,32,12499.999999999998,6249.999999999999,0.0,0.0,0.0,0.0,0.0,0,0,0,0,1,0,0,0,0.0,0.0,0.0,0.0,0,0,0,0,0,0,2,0,1,0,-1,32679,0,0,0.0,0.0,0.0,0.0,80.0,8.48528137423857,86.0,74.0,Anomaly,Scan,Scan Port OS
192.168.0.13-192.168.0.16-9020-49784-6,192.168.0.13,9020,192.168.0.16,49784,6,20/05/2019 04:57:57 AM,73,0,2,0.0,0.0,0.0,0.0,0.0,0.0,0.0,0.0,0.0,0.0,0.0,27397.260273972603,73.0,0.0,73.0,73.0,0.0,0.0,0.0,0.0,0.0,73.0,73.0,0.0,73.0,73.0,0,0,0,0,0,64,0.0,27397.260273972603,0.0,0.0,0.0,0.0,0.0,0,0,0,0,1,0,0,0,0.0,0.0,0.0,0.0,0,0,0,0,0,0,0,0,2,0,-1,32683,0,0,0.0,0.0,0.0,0.0,73.0,0.0,73.0,73.0,Normal,Normal,Normal
192.168.0.13-192.168.0.16-9020-49784-6,192.168.0.13,9020,192.168.0.16,49784,6,20/05/2019 04:58:50 AM,367,0,2,0.0,1388.0,0.0,0.0,0.0,0.0,1388.0,0.0,694.0,981.4642122869279,3782016.3487738417,5449.591280653951,367.0,0.0,367.0,367.0,0.0,0.0,0.0,0.0,0.0,367.0,367.0,0.0,367.0,367.0,0,0,0,0,0,64,0.0,5449.591280653951,0.0,1388.0,925.3333333333333,801.3621736352006,642181.3333333335,0,0,0,0,1,0,0,0,0.0,1388.0,0.0,694.0,0,0,0,0,0,0,0,0,2,1388,-1,32679,0,0,0.0,0.0,0.0,0.0,367.0,0.0,367.0,367.0,Normal,Normal,Normal
192.168.0.13-124.156.245.147-39310-7760-6,192.168.0.13,39310,124.156.245.147,7760,6,10/09/2019 01:45:03 AM,147,1,1,1400.0,1400.0,1400.0,1400.0,1400.0,0.0,1400.0,1400.0,1400.0,0.0,19047619.04761905,13605.442176870747,147.0,0.0,147.0,147.0,0.0,0.0,0.0,0.0,0.0,0.0,0.0,0.0,0.0,0.0,0,0,0,0,20,20,6802.7210884353735,6802.7210884353735,1400.0,1400.0,1400.0,0.0,0.0,0,0,0,0,1,0,0,0,1.0,2100.0,1400.0,1400.0,0,0,0,0,0,0,1,1400,1,1400,-1,1750,1,0,0.0,0.0,0.0,0.0,147.0,0.0,147.0,147.0,Anomaly,Mirai,Mirai-Hostbruteforceg
192.168.0.13-192.168.0.16-9020-49796-6,192.168.0.16,49796,192.168.0.13,9020,6,20/05/2019 05:01:04 AM,451,0,3,0.0,4164.0,0.0,0.0,0.0,0.0,1388.0,1388.0,1388.0,0.0,9232815.964523282,6651.88470066519,225.5,198.69700551341987,366.0,85.0,0.0,0.0,0.0,0.0,0.0,451.0,225.5,198.69700551341987,366.0,85.0,0,0,0,0,0,96,0.0,6651.88470066519,1388.0,1388.0,1388.0,0.0,0.0,0,0,0,0,1,0,0,0,0.0,1850.666666666667,0.0,1388.0,0,0,0,0,0,0,0,0,3,4164,-1,1869,0,0,0.0,0.0,0.0,0.0,225.5,198.69700551341987,366.0,85.0,Normal,Normal,Normal
192.168.0.13-192.168.0.16-9020-53182-6,192.168.0.16,53182,192.168.0.13,9020,6,31/05/2019 03:16:07 AM,89,0,2,0.0,1418.0,0.0,0.0,0.0,0.0,1388.0,30.0,709.0,960.2510088513317,15932584.269662922,22471.91011235955,89.0,0.0,89.0,89.0,0.0,0.0,0.0,0.0,0.0,89.0,89.0,0.0,89.0,89.0,0,0,0,0,0,64,0.0,22471.91011235955,30.0,1388.0,935.3333333333333,784.0416655595117,614721.3333333335,0,0,0,0,1,0,0,0,0.0,1403.0,0.0,709.0,0,0,0,0,0,0,0,0,2,1418,-1,1869,0,0,0.0,0.0,0.0,0.0,89.0,0.0,89.0,89.0,Anomaly,MITM ARP Spoofing,MITM ARP Spoofing
192.168.0.13-210.89.164.90-60222-8899-17,192.168.0.13,60222,210.89.164.90,8899,17,25/07/2019 03:21:31 AM,13,1,1,32.0,32.0,32.0,32.0,32.0,0.0,32.0,32.0,32.0,0.0,4923076.923076923,153846.15384615384,13.0,0.0,13.0,13.0,0.0,0.0,0.0,0.0,0.0,0.0,0.0,0.0,0.0,0.0,0,0,0,0,8,8,76923.07692307692,76923.07692307692,32.0,32.0,32.0,0.0,0.0,0,0,0,0,0,0,0,0,1.0,48.0,32.0,32.0,0,0,0,0,0,0,1,32,1,32,-1,-1,1,0,0.0,0.0,0.0,0.0,13.0,0.0,13.0,13.0,Anomaly,Mirai,Mirai-UDP Flooding
192.168.0.24-104.74.213.186-51875-443-6,104.74.213.186,443,192.168.0.24,51875,6,20/08/2019 03:03:55 AM,80,1,1,1448.0,1448.0,1448.0,1448.0,1448.0,0.0,1448.0,1448.0,1448.0,0.0,36200000.0,25000.0,80.0,0.0,80.0,80.0,0.0,0.0,0.0,0.0,0.0,0.0,0.0,0.0,0.0,0.0,0,0,0,0,32,32,12499.999999999998,12499.999999999998,1448.0,1448.0,1448.0,0.0,0.0,0,0,0,0,1,0,0,0,1.0,2172.0,1448.0,1448.0,0,0,0,0,0,0,1,1448,1,1448,-1,252,1,0,0.0,0.0,0.0,0.0,80.0,0.0,80.0,80.0,Anomaly,Mirai,Mirai-Hostbruteforceg
192.168.0.13-192.168.0.16-10000-10101-17,192.168.0.13,10000,192.168.0.16,10101,17,25/07/2019 03:25:19 AM,233,1,1,1430.0,998.0,1430.0,1430.0,1430.0,0.0,998.0,998.0,998.0,0.0,10420600.8583691,8583.690987124464,233.0,0.0,233.0,233.0,0.0,0.0,0.0,0.0,0.0,0.0,0.0,0.0,0.0,0.0,0,0,0,0,8,8,4291.845493562232,4291.845493562232,998.0,1430.0,1142.0,249.4153162899184,62208.0,0,0,0,0,0,0,0,0,1.0,1713.0,1430.0,998.0,0,0,0,0,0,0,1,1430,1,998,-1,-1,1,0,0.0,0.0,0.0,0.0,233.0,0.0,233.0,233.0,Anomaly,Mirai,Mirai-Ackflooding
192.168.0.13-192.168.0.16-10000-10101-17,192.168.0.13,10000,192.168.0.16,10101,17,25/07/2019 03:25:40 AM,190,2,1,2860.0,1430.0,1430.0,1430.0,1430.0,0.0,1430.0,1430.0,1430.0,0.0,22578947.36842105,15789.473684210525,95.0,31.11269837220809,117.0,73.0,73.0,73.0,0.0,73.0,73.0,0.0,0.0,0.0,0.0,0.0,0,0,0,0,16,8,10526.315789473683,5263.157894736842,1430.0,1430.0,1430.0,0.0,0.0,0,0,0,0,0,0,0,0,0.0,1906.666666666667,1430.0,1430.0,0,0,0,0,0,0,2,2860,1,1430,-1,-1,2,0,0.0,0.0,0.0,0.0,95.0,31.11269837220809,117.0,73.0,Anomaly,Mirai,Mirai-UDP Flooding
192.168.0.13-192.168.0.16-9020-52704-6,192.168.0.13,9020,192.168.0.16,52704,6,11/07/2019 01:15:14 AM,159,0,3,0.0,0.0,0.0,0.0,0.0,0.0,0.0,0.0,0.0,0.0,0.0,18867.924528301886,79.5,7.7781745930520225,85.0,74.0,0.0,0.0,0.0,0.0,0.0,159.0,79.5,7.7781745930520225,85.0,74.0,0,0,0,0,0,132,0.0,18867.924528301886,0.0,0.0,0.0,0.0,0.0,0,0,0,0,1,0,0,0,0.0,0.0,0.0,0.0,0,0,0,0,0,0,0,0,3,0,-1,32768,0,0,0.0,0.0,0.0,0.0,79.5,7.7781745930520225,85.0,74.0,Anomaly,Scan,Scan Port OS
163.152.127.193-192.168.0.13-10101-56361-17,192.168.0.13,56361,163.152.127.193,10101,17,20/08/2019 03:05:44 AM,144,0,3,0.0,96.0,0.0,0.0,0.0,0.0,32.0,32.0,32.0,0.0,666666.6666666665,20833.33333333333,72.0,0.0,72.0,72.0,0.0,0.0,0.0,0.0,0.0,144.0,72.0,0.0,72.0,72.0,0,0,0,0,0,24,0.0,20833.33333333333,32.0,32.0,32.0,0.0,0.0,0,0,0,0,0,0,0,0,0.0,42.66666666666666,0.0,32.0,0,0,0,0,0,0,0,0,3,96,-1,-1,0,0,0.0,0.0,0.0,0.0,72.0,0.0,72.0,72.0,Anomaly,Mirai,Mirai-Hostbruteforceg
192.168.0.13-210.89.164.90-56112-8043-17,192.168.0.13,56112,210.89.164.90,8043,17,25/07/2019 03:24:58 AM,82,1,1,18.0,18.0,18.0,18.0,18.0,0.0,18.0,18.0,18.0,0.0,439024.3902439025,24390.243902439022,82.0,0.0,82.0,82.0,0.0,0.0,0.0,0.0,0.0,0.0,0.0,0.0,0.0,0.0,0,0,0,0,8,8,12195.121951219511,12195.121951219511,18.0,18.0,18.0,0.0,0.0,0,0,0,0,0,0,0,0,1.0,27.0,18.0,18.0,0,0,0,0,0,0,1,18,1,18,-1,-1,1,0,0.0,0.0,0.0,0.0,82.0,0.0,82.0,82.0,Anomaly,Mirai,Mirai-UDP Flooding
192.168.0.13-210.89.164.90-60215-8899-17,192.168.0.13,60215,210.89.164.90,8899,17,25/07/2019 03:21:30 AM,152,1,1,32.0,32.0,32.0,32.0,32.0,0.0,32.0,32.0,32.0,0.0,421052.63157894736,13157.894736842105,152.0,0.0,152.0,152.0,0.0,0.0,0.0,0.0,0.0,0.0,0.0,0.0,0.0,0.0,0,0,0,0,8,8,6578.947368421053,6578.947368421053,32.0,32.0,32.0,0.0,0.0,0,0,0,0,0,0,0,0,1.0,48.0,32.0,32.0,0,0,0,0,0,0,1,32,1,32,-1,-1,1,0,0.0,0.0,0.0,0.0,152.0,0.0,152.0,152.0,Anomaly,Mirai,Mirai-UDP Flooding
192.168.0.13-192.168.0.16-9020-52739-6,192.168.0.16,52739,192.168.0.13,9020,6,11/07/2019 01:29:59 AM,149,0,3,0.0,4164.0,0.0,0.0,0.0,0.0,1388.0,1388.0,1388.0,0.0,27946308.72483222,20134.228187919463,74.5,0.7071067811865476,75.0,74.0,0.0,0.0,0.0,0.0,0.0,149.0,74.5,0.7071067811865476,75.0,74.0,0,0,0,0,0,96,0.0,20134.228187919463,1388.0,1388.0,1388.0,0.0,0.0,0,0,0,0,1,0,0,0,0.0,1850.666666666667,0.0,1388.0,0,0,0,0,0,0,0,0,3,4164,-1,1869,0,0,0.0,0.0,0.0,0.0,74.5,0.7071067811865476,75.0,74.0,Anomaly,Scan,Scan Port OS
192.168.0.24-222.239.240.107-37455-443-6,192.168.0.24,37455,222.239.240.107,443,6,03/06/2019 04:00:45 AM,115,0,2,0.0,2896.0,0.0,0.0,0.0,0.0,1448.0,1448.0,1448.0,0.0,25182608.69565217,17391.304347826088,115.0,0.0,115.0,115.0,0.0,0.0,0.0,0.0,0.0,115.0,115.0,0.0,115.0,115.0,0,0,0,0,0,64,0.0,17391.304347826088,1448.0,1448.0,1448.0,0.0,0.0,0,0,0,0,1,0,0,0,0.0,2172.0,0.0,1448.0,0,0,0,0,0,0,0,0,2,2896,-1,139,0,0,0.0,0.0,0.0,0.0,115.0,0.0,115.0,115.0,Anomaly,MITM ARP Spoofing,MITM ARP Spoofing
192.168.0.13-210.89.164.90-60165-8899-17,192.168.0.13,60165,210.89.164.90,8899,17,25/07/2019 03:21:21 AM,27,5,1,160.0,32.0,32.0,32.0,32.0,0.0,32.0,32.0,32.0,0.0,7111111.111111111,222222.22222222228,5.4,2.9664793948382653,10.0,2.0,22.0,5.5,3.415650255319866,10.0,2.0,0.0,0.0,0.0,0.0,0.0,0,0,0,0,40,8,185185.1851851852,37037.03703703704,32.0,32.0,32.0,0.0,0.0,0,0,0,0,0,0,0,0,0.0,37.333333333333336,32.0,32.0,0,0,0,0,0,0,5,160,1,32,-1,-1,5,0,0.0,0.0,0.0,0.0,5.4,2.9664793948382653,10.0,2.0,Anomaly,Mirai,Mirai-UDP Flooding
192.168.0.13-210.89.164.90-64780-9988-17,192.168.0.13,64780,210.89.164.90,9988,17,25/07/2019 03:20:52 AM,72,17,1,544.0,32.0,32.0,32.0,32.0,0.0,32.0,32.0,32.0,0.0,8000000.0,250000.0,4.235294117647058,2.537947294682897,12.0,2.0,64.0,4.0,2.422120283277993,12.0,2.0,0.0,0.0,0.0,0.0,0.0,0,0,0,0,136,8,236111.1111111111,13888.888888888889,32.0,32.0,32.0,0.0,0.0,0,0,0,0,0,0,0,0,0.0,33.77777777777778,32.0,32.0,0,0,0,0,0,0,17,544,1,32,-1,-1,17,0,0.0,0.0,0.0,0.0,4.235294117647058,2.537947294682897,12.0,2.0,Anomaly,Mirai,Mirai-UDP Flooding
192.168.0.13-192.168.0.16-9020-52717-6,192.168.0.16,52717,192.168.0.13,9020,6,11/07/2019 01:22:09 AM,80,1,1,0.0,0.0,0.0,0.0,0.0,0.0,0.0,0.0,0.0,0.0,0.0,25000.0,80.0,0.0,80.0,80.0,0.0,0.0,0.0,0.0,0.0,0.0,0.0,0.0,0.0,0.0,0,0,0,0,32,32,12499.999999999998,12499.999999999998,0.0,0.0,0.0,0.0,0.0,0,0,0,0,1,0,0,0,1.0,0.0,0.0,0.0,0,0,0,0,0,0,1,0,1,0,-1,32511,0,0,0.0,0.0,0.0,0.0,80.0,0.0,80.0,80.0,Anomaly,Scan,Scan Hostport
192.168.0.24-104.118.134.215-43238-443-6,104.118.134.215,443,192.168.0.24,43238,6,25/07/2019 03:21:08 AM,118,1,1,1441.0,1441.0,1441.0,1441.0,1441.0,0.0,1441.0,1441.0,1441.0,0.0,24423728.813559324,16949.15254237288,118.0,0.0,118.0,118.0,0.0,0.0,0.0,0.0,0.0,0.0,0.0,0.0,0.0,0.0,0,0,0,0,32,32,8474.57627118644,8474.57627118644,1441.0,1441.0,1441.0,0.0,0.0,0,0,0,0,1,0,0,0,1.0,2161.5,1441.0,1441.0,0,0,0,0,0,0,1,1441,1,1441,-1,252,1,0,0.0,0.0,0.0,0.0,118.0,0.0,118.0,118.0,Anomaly,Mirai,Mirai-UDP Flooding
192.168.0.13-192.168.0.16-10000-10101-17,192.168.0.13,10000,192.168.0.16,10101,17,25/07/2019 03:25:26 AM,128,0,2,0.0,72.0,0.0,0.0,0.0,0.0,40.0,32.0,36.0,5.656854249492381,562500.0,15625.0,128.0,0.0,128.0,128.0,0.0,0.0,0.0,0.0,0.0,128.0,128.0,0.0,128.0,128.0,0,0,0,0,0,16,0.0,15625.0,32.0,40.0,37.333333333333336,4.618802153517006,21.33333333333333,0,0,0,0,0,0,0,0,0.0,56.0,0.0,36.0,0,0,0,0,0,0,0,0,2,72,-1,-1,0,0,0.0,0.0,0.0,0.0,128.0,0.0,128.0,128.0,Anomaly,Mirai,Mirai-Ackflooding
192.168.0.13-222.160.239.232-554-6302-6,222.160.239.232,6302,192.168.0.13,554,6,26/05/2019 10:11:14 PM,13406,0,2,0.0,0.0,0.0,0.0,0.0,0.0,0.0,0.0,0.0,0.0,0.0,149.18693122482472,13406.0,0.0,13406.0,13406.0,0.0,0.0,0.0,0.0,0.0,13406.0,13406.0,0.0,13406.0,13406.0,0,0,0,0,0,44,0.0,149.18693122482472,0.0,0.0,0.0,0.0,0.0,0,1,0,0,0,0,0,0,0.0,0.0,0.0,0.0,0,0,0,0,0,0,0,0,2,0,-1,14600,0,0,0.0,0.0,0.0,0.0,13406.0,0.0,13406.0,13406.0,Anomaly,DoS,DoS-Synflooding
192.168.0.13-47.74.196.243-50967-443-6,192.168.0.13,50967,47.74.196.243,443,6,04/09/2019 03:55:28 AM,116,1,1,1400.0,1400.0,1400.0,1400.0,1400.0,0.0,1400.0,1400.0,1400.0,0.0,24137931.03448276,17241.379310344826,116.0,0.0,116.0,116.0,0.0,0.0,0.0,0.0,0.0,0.0,0.0,0.0,0.0,0.0,0,0,0,0,20,20,8620.689655172413,8620.689655172413,1400.0,1400.0,1400.0,0.0,0.0,0,0,0,0,1,0,0,0,1.0,2100.0,1400.0,1400.0,0,0,0,0,0,0,1,1400,1,1400,-1,4550,1,0,0.0,0.0,0.0,0.0,116.0,0.0,116.0,116.0,Anomaly,Mirai,Mirai-Hostbruteforceg
192.168.0.24-210.89.164.90-64783-9988-17,192.168.0.24,64783,210.89.164.90,9988,17,25/07/2019 03:20:40 AM,12,23,1,736.0,32.0,32.0,32.0,32.0,0.0,32.0,32.0,32.0,0.0,64000000.0,2000000.0,0.5217391304347827,0.5931093121225481,2.0,0.0,10.0,0.4545454545454546,0.5096471914376255,1.0,0.0,0.0,0.0,0.0,0.0,0.0,0,0,0,0,184,8,1916666.6666666663,83333.33333333331,32.0,32.0,32.0,0.0,0.0,0,0,0,0,0,0,0,0,0.0,33.333333333333336,32.0,32.0,0,0,0,0,0,0,23,736,1,32,-1,-1,23,0,0.0,0.0,0.0,0.0,2.0,0.0,2.0,2.0,Anomaly,Mirai,Mirai-UDP Flooding
192.168.0.13-192.168.0.16-56361-10101-17,192.168.0.13,56361,192.168.0.16,10101,17,25/07/2019 03:24:06 AM,192,2,1,2860.0,1430.0,1430.0,1430.0,1430.0,0.0,1430.0,1430.0,1430.0,0.0,22343750.0,15625.0,96.0,31.11269837220809,118.0,74.0,74.0,74.0,0.0,74.0,74.0,0.0,0.0,0.0,0.0,0.0,0,0,0,0,16,8,10416.666666666666,5208.333333333333,1430.0,1430.0,1430.0,0.0,0.0,0,0,0,0,0,0,0,0,0.0,1906.666666666667,1430.0,1430.0,0,0,0,0,0,0,2,2860,1,1430,-1,-1,2,0,0.0,0.0,0.0,0.0,96.0,31.11269837220809,118.0,74.0,Anomaly,Mirai,Mirai-HTTP Flooding
192.168.0.24-222.239.240.107-57711-443-6,192.168.0.24,57711,222.239.240.107,443,6,03/06/2019 03:54:07 AM,86,0,2,0.0,2896.0,0.0,0.0,0.0,0.0,1448.0,1448.0,1448.0,0.0,33674418.60465116,23255.81395348837,86.0,0.0,86.0,86.0,0.0,0.0,0.0,0.0,0.0,86.0,86.0,0.0,86.0,86.0,0,0,0,0,0,64,0.0,23255.81395348837,1448.0,1448.0,1448.0,0.0,0.0,0,0,0,0,1,0,0,0,0.0,2172.0,0.0,1448.0,0,0,0,0,0,0,0,0,2,2896,-1,155,0,0,0.0,0.0,0.0,0.0,86.0,0.0,86.0,86.0,Anomaly,MITM ARP Spoofing,MITM ARP Spoofing
192.168.0.16-124.156.245.147-56260-7100-6,192.168.0.16,56260,124.156.245.147,7100,6,10/09/2019 01:45:48 AM,128,1,1,0.0,0.0,0.0,0.0,0.0,0.0,0.0,0.0,0.0,0.0,0.0,15625.0,128.0,0.0,128.0,128.0,0.0,0.0,0.0,0.0,0.0,0.0,0.0,0.0,0.0,0.0,0,0,0,0,20,20,7812.5,7812.5,0.0,0.0,0.0,0.0,0.0,0,0,0,0,1,0,0,0,1.0,0.0,0.0,0.0,0,0,0,0,0,0,1,0,1,0,-1,4051,0,0,0.0,0.0,0.0,0.0,128.0,0.0,128.0,128.0,Anomaly,Mirai,Mirai-Hostbruteforceg
192.168.0.13-192.168.0.16-9020-56196-6,192.168.0.13,9020,192.168.0.16,56196,6,10/09/2019 01:38:36 AM,130,1,1,30.0,1388.0,30.0,30.0,30.0,0.0,1388.0,1388.0,1388.0,0.0,10907692.307692308,15384.615384615388,130.0,0.0,130.0,130.0,0.0,0.0,0.0,0.0,0.0,0.0,0.0,0.0,0.0,0.0,0,0,0,0,32,32,7692.307692307693,7692.307692307693,30.0,1388.0,935.3333333333333,784.0416655595117,614721.3333333335,0,0,0,0,1,0,0,0,1.0,1403.0,30.0,1388.0,0,0,0,0,0,0,1,30,1,1388,-1,1869,1,0,0.0,0.0,0.0,0.0,130.0,0.0,130.0,130.0,Anomaly,Mirai,Mirai-Hostbruteforceg
192.168.0.24-210.89.164.90-60063-8899-17,192.168.0.24,60063,210.89.164.90,8899,17,25/07/2019 03:20:40 AM,56,7,1,224.0,32.0,32.0,32.0,32.0,0.0,32.0,32.0,32.0,0.0,4571428.571428572,142857.14285714287,8.0,2.0816659994661326,11.0,5.0,45.0,7.5,1.760681686165901,9.0,5.0,0.0,0.0,0.0,0.0,0.0,0,0,0,0,56,8,125000.0,17857.14285714286,32.0,32.0,32.0,0.0,0.0,0,0,0,0,0,0,0,0,0.0,36.0,32.0,32.0,0,0,0,0,0,0,7,224,1,32,-1,-1,7,0,0.0,0.0,0.0,0.0,8.0,2.0816659994661326,11.0,5.0,Anomaly,Mirai,Mirai-UDP Flooding
192.168.0.24-210.89.164.90-51992-8899-17,192.168.0.24,51992,210.89.164.90,8899,17,25/07/2019 03:20:22 AM,30,2,1,64.0,32.0,32.0,32.0,32.0,0.0,32.0,32.0,32.0,0.0,3200000.0,100000.0,15.0,14.142135623730953,25.0,5.0,5.0,5.0,0.0,5.0,5.0,0.0,0.0,0.0,0.0,0.0,0,0,0,0,16,8,66666.66666666669,33333.333333333336,32.0,32.0,32.0,0.0,0.0,0,0,0,0,0,0,0,0,0.0,42.66666666666666,32.0,32.0,0,0,0,0,0,0,2,64,1,32,-1,-1,2,0,0.0,0.0,0.0,0.0,15.0,14.142135623730953,25.0,5.0,Anomaly,Mirai,Mirai-UDP Flooding
182.162.108.112-192.168.0.24-443-51554-6,192.168.0.24,51554,182.162.108.112,443,6,03/06/2019 03:54:10 AM,81,1,1,0.0,0.0,0.0,0.0,0.0,0.0,0.0,0.0,0.0,0.0,0.0,24691.35802469136,81.0,0.0,81.0,81.0,0.0,0.0,0.0,0.0,0.0,0.0,0.0,0.0,0.0,0.0,0,0,0,0,32,32,12345.67901234568,12345.67901234568,0.0,0.0,0.0,0.0,0.0,0,0,0,0,1,0,0,0,1.0,0.0,0.0,0.0,0,0,0,0,0,0,1,0,1,0,-1,4165,0,0,0.0,0.0,0.0,0.0,81.0,0.0,81.0,81.0,Anomaly,MITM ARP Spoofing,MITM ARP Spoofing
192.168.0.16-101.79.209.173-55238-443-6,192.168.0.16,55238,101.79.209.173,443,6,04/09/2019 03:57:34 AM,74,1,1,0.0,0.0,0.0,0.0,0.0,0.0,0.0,0.0,0.0,0.0,0.0,27027.027027027027,74.0,0.0,74.0,74.0,0.0,0.0,0.0,0.0,0.0,0.0,0.0,0.0,0.0,0.0,0,0,0,0,32,32,13513.513513513513,13513.513513513513,0.0,0.0,0.0,0.0,0.0,0,0,0,0,1,0,0,0,1.0,0.0,0.0,0.0,0,0,0,0,0,0,1,0,1,0,-1,1023,0,0,0.0,0.0,0.0,0.0,74.0,0.0,74.0,74.0,Anomaly,Mirai,Mirai-Hostbruteforceg
192.168.0.13-192.168.0.16-10000-10101-17,192.168.0.13,10000,192.168.0.16,10101,17,25/07/2019 03:26:00 AM,218,2,1,1580.0,1430.0,1430.0,150.0,790.0,905.0966799187809,1430.0,1430.0,1430.0,0.0,13807339.449541286,13761.467889908257,109.0,46.66904755831214,142.0,76.0,76.0,76.0,0.0,76.0,76.0,0.0,0.0,0.0,0.0,0.0,0,0,0,0,16,8,9174.311926605504,4587.155963302752,150.0,1430.0,1110.0,640.0,409600.0,0,0,0,0,0,0,0,0,0.0,1480.0,790.0,1430.0,0,0,0,0,0,0,2,1580,1,1430,-1,-1,2,0,0.0,0.0,0.0,0.0,109.0,46.66904755831214,142.0,76.0,Anomaly,Mirai,Mirai-UDP Flooding
192.168.0.13-192.168.0.16-9020-49793-6,192.168.0.16,49793,192.168.0.13,9020,6,20/05/2019 05:00:51 AM,196,0,3,0.0,2806.0,0.0,0.0,0.0,0.0,1388.0,30.0,935.3333333333336,784.0416655595117,14316326.530612245,15306.122448979593,98.0,31.11269837220809,120.0,76.0,0.0,0.0,0.0,0.0,0.0,196.0,98.0,31.11269837220809,120.0,76.0,0,0,0,0,0,96,0.0,15306.122448979593,30.0,1388.0,1048.5,679.0,461041.0,0,0,0,0,1,0,0,0,0.0,1398.0,0.0,935.3333333333336,0,0,0,0,0,0,0,0,3,2806,-1,1869,0,0,0.0,0.0,0.0,0.0,98.0,31.11269837220809,120.0,76.0,Normal,Normal,Normal
192.168.0.13-192.168.0.16-9020-49789-6,192.168.0.16,49789,192.168.0.13,9020,6,20/05/2019 04:57:22 AM,421,0,2,0.0,0.0,0.0,0.0,0.0,0.0,0.0,0.0,0.0,0.0,0.0,4750.593824228029,421.0,0.0,421.0,421.0,0.0,0.0,0.0,0.0,0.0,421.0,421.0,0.0,421.0,421.0,0,0,0,0,0,64,0.0,4750.593824228029,0.0,0.0,0.0,0.0,0.0,0,0,0,0,1,0,0,0,0.0,0.0,0.0,0.0,0,0,0,0,0,0,0,0,2,0,-1,5288,0,0,0.0,0.0,0.0,0.0,421.0,0.0,421.0,421.0,Normal,Normal,Normal
192.168.0.13-192.168.0.24-5640-23-6,192.168.0.13,5640,192.168.0.24,23,6,10/09/2019 01:39:04 AM,47,1,1,0.0,0.0,0.0,0.0,0.0,0.0,0.0,0.0,0.0,0.0,0.0,42553.191489361714,47.0,0.0,47.0,47.0,0.0,0.0,0.0,0.0,0.0,0.0,0.0,0.0,0.0,0.0,0,0,0,0,20,32,21276.595744680853,21276.595744680853,0.0,0.0,0.0,0.0,0.0,0,1,0,0,1,0,0,0,1.0,0.0,0.0,0.0,0,0,0,0,0,0,1,0,1,0,-1,65535,0,0,0.0,0.0,0.0,0.0,47.0,0.0,47.0,47.0,Anomaly,Mirai,Mirai-Hostbruteforceg
192.168.0.13-192.168.0.16-9020-56196-6,192.168.0.13,9020,192.168.0.16,56196,6,10/09/2019 01:38:22 AM,129,0,2,0.0,0.0,0.0,0.0,0.0,0.0,0.0,0.0,0.0,0.0,0.0,15503.875968992252,129.0,0.0,129.0,129.0,0.0,0.0,0.0,0.0,0.0,129.0,129.0,0.0,129.0,129.0,0,0,0,0,0,64,0.0,15503.875968992252,0.0,0.0,0.0,0.0,0.0,0,0,0,0,1,0,0,0,0.0,0.0,0.0,0.0,0,0,0,0,0,0,0,0,2,0,-1,32594,0,0,0.0,0.0,0.0,0.0,129.0,0.0,129.0,129.0,Anomaly,Mirai,Mirai-Hostbruteforceg
192.168.0.13-210.89.164.90-60102-8899-17,192.168.0.13,60102,210.89.164.90,8899,17,25/07/2019 03:21:07 AM,280,19,1,608.0,32.0,32.0,32.0,32.0,0.0,32.0,32.0,32.0,0.0,2285714.285714286,71428.57142857142,14.73684210526316,32.873228055775385,150.0,3.0,268.0,14.888888888888893,33.819397303720955,150.0,3.0,0.0,0.0,0.0,0.0,0.0,0,0,0,0,152,8,67857.14285714287,3571.4285714285716,32.0,32.0,32.0,0.0,0.0,0,0,0,0,0,0,0,0,0.0,33.6,32.0,32.0,0,0,0,0,0,0,19,608,1,32,-1,-1,19,0,0.0,0.0,0.0,0.0,14.73684210526316,32.873228055775385,150.0,3.0,Anomaly,Mirai,Mirai-UDP Flooding
192.168.0.24-104.118.134.215-43238-443-6,104.118.134.215,443,192.168.0.24,43238,6,25/07/2019 03:25:45 AM,237,1,1,1441.0,1441.0,1441.0,1441.0,1441.0,0.0,1441.0,1441.0,1441.0,0.0,12160337.552742615,8438.818565400845,237.0,0.0,237.0,237.0,0.0,0.0,0.0,0.0,0.0,0.0,0.0,0.0,0.0,0.0,0,0,0,0,32,32,4219.4092827004215,4219.4092827004215,1441.0,1441.0,1441.0,0.0,0.0,0,0,0,0,1,0,0,0,1.0,2161.5,1441.0,1441.0,0,0,0,0,0,0,1,1441,1,1441,-1,252,1,0,0.0,0.0,0.0,0.0,237.0,0.0,237.0,237.0,Anomaly,Mirai,Mirai-HTTP Flooding
192.168.0.13-192.168.0.16-56361-10101-17,192.168.0.13,56361,192.168.0.16,10101,17,25/07/2019 03:23:26 AM,284,3,1,4290.0,1430.0,1430.0,1430.0,1430.0,0.0,1430.0,1430.0,1430.0,0.0,20140845.070422534,14084.507042253521,94.66666666666669,34.06366588218792,134.0,75.0,150.0,75.0,0.0,75.0,75.0,0.0,0.0,0.0,0.0,0.0,0,0,0,0,24,8,10563.38028169014,3521.1267605633802,1430.0,1430.0,1430.0,0.0,0.0,0,0,0,0,0,0,0,0,0.0,1787.5,1430.0,1430.0,0,0,0,0,0,0,3,4290,1,1430,-1,-1,3,0,0.0,0.0,0.0,0.0,94.66666666666669,34.06366588218792,134.0,75.0,Anomaly,Mirai,Mirai-UDP Flooding
192.168.0.23-211.233.18.24-44026-443-6,192.168.0.23,44026,211.233.18.24,443,6,20/08/2019 03:04:33 AM,84,0,2,0.0,2896.0,0.0,0.0,0.0,0.0,1448.0,1448.0,1448.0,0.0,34476190.47619048,23809.52380952381,84.0,0.0,84.0,84.0,0.0,0.0,0.0,0.0,0.0,84.0,84.0,0.0,84.0,84.0,0,0,0,0,0,64,0.0,23809.52380952381,1448.0,1448.0,1448.0,0.0,0.0,0,0,0,0,1,0,0,0,0.0,2172.0,0.0,1448.0,0,0,0,0,0,0,0,0,2,2896,-1,155,0,0,0.0,0.0,0.0,0.0,84.0,0.0,84.0,84.0,Anomaly,Mirai,Mirai-Hostbruteforceg
192.168.0.13-210.89.164.90-51998-8899-17,192.168.0.13,51998,210.89.164.90,8899,17,25/07/2019 03:20:25 AM,21,2,1,64.0,32.0,32.0,32.0,32.0,0.0,32.0,32.0,32.0,0.0,4571428.571428572,142857.14285714287,10.5,0.7071067811865476,11.0,10.0,11.0,11.0,0.0,11.0,11.0,0.0,0.0,0.0,0.0,0.0,0,0,0,0,16,8,95238.09523809524,47619.04761904762,32.0,32.0,32.0,0.0,0.0,0,0,0,0,0,0,0,0,0.0,42.66666666666666,32.0,32.0,0,0,0,0,0,0,2,64,1,32,-1,-1,2,0,0.0,0.0,0.0,0.0,10.5,0.7071067811865476,11.0,10.0,Anomaly,Mirai,Mirai-UDP Flooding
192.168.0.13-210.89.164.90-51991-8899-17,192.168.0.13,51991,210.89.164.90,8899,17,25/07/2019 03:20:19 AM,16,1,1,32.0,32.0,32.0,32.0,32.0,0.0,32.0,32.0,32.0,0.0,4000000.0,125000.0,16.0,0.0,16.0,16.0,0.0,0.0,0.0,0.0,0.0,0.0,0.0,0.0,0.0,0.0,0,0,0,0,8,8,62500.0,62500.0,32.0,32.0,32.0,0.0,0.0,0,0,0,0,0,0,0,0,1.0,48.0,32.0,32.0,0,0,0,0,0,0,1,32,1,32,-1,-1,1,0,0.0,0.0,0.0,0.0,16.0,0.0,16.0,16.0,Anomaly,Mirai,Mirai-UDP Flooding
192.168.0.24-210.89.164.90-60172-8899-17,192.168.0.24,60172,210.89.164.90,8899,17,25/07/2019 03:21:01 AM,151,2,1,64.0,32.0,32.0,32.0,32.0,0.0,32.0,32.0,32.0,0.0,635761.5894039734,19867.54966887417,75.5,79.90306627407988,132.0,19.0,132.0,132.0,0.0,132.0,132.0,0.0,0.0,0.0,0.0,0.0,0,0,0,0,16,8,13245.033112582783,6622.516556291392,32.0,32.0,32.0,0.0,0.0,0,0,0,0,0,0,0,0,0.0,42.66666666666666,32.0,32.0,0,0,0,0,0,0,2,64,1,32,-1,-1,2,0,0.0,0.0,0.0,0.0,75.5,79.90306627407988,132.0,19.0,Anomaly,Mirai,Mirai-UDP Flooding
192.168.0.13-210.89.164.90-60199-8899-17,192.168.0.13,60199,210.89.164.90,8899,17,25/07/2019 03:21:30 AM,13,1,1,32.0,32.0,32.0,32.0,32.0,0.0,32.0,32.0,32.0,0.0,4923076.923076923,153846.15384615384,13.0,0.0,13.0,13.0,0.0,0.0,0.0,0.0,0.0,0.0,0.0,0.0,0.0,0.0,0,0,0,0,8,8,76923.07692307692,76923.07692307692,32.0,32.0,32.0,0.0,0.0,0,0,0,0,0,0,0,0,1.0,48.0,32.0,32.0,0,0,0,0,0,0,1,32,1,32,-1,-1,1,0,0.0,0.0,0.0,0.0,13.0,0.0,13.0,13.0,Anomaly,Mirai,Mirai-UDP Flooding
192.168.0.13-192.168.0.16-9020-52942-6,192.168.0.16,52942,192.168.0.13,9020,6,04/09/2019 03:56:20 AM,117,0,2,0.0,1418.0,0.0,0.0,0.0,0.0,1388.0,30.0,709.0,960.2510088513317,12119658.11965812,17094.017094017094,117.0,0.0,117.0,117.0,0.0,0.0,0.0,0.0,0.0,117.0,117.0,0.0,117.0,117.0,0,0,0,0,0,64,0.0,17094.017094017094,30.0,1388.0,935.3333333333333,784.0416655595117,614721.3333333335,0,0,0,0,1,0,0,0,0.0,1403.0,0.0,709.0,0,0,0,0,0,0,0,0,2,1418,-1,1869,0,0,0.0,0.0,0.0,0.0,117.0,0.0,117.0,117.0,Anomaly,Mirai,Mirai-Hostbruteforceg
192.168.0.13-222.139.43.104-554-4142-6,222.139.43.104,4142,192.168.0.13,554,6,26/05/2019 10:11:08 PM,5490,0,2,0.0,0.0,0.0,0.0,0.0,0.0,0.0,0.0,0.0,0.0,0.0,364.29872495446267,5490.0,0.0,5490.0,5490.0,0.0,0.0,0.0,0.0,0.0,5490.0,5490.0,0.0,5490.0,5490.0,0,0,0,0,0,44,0.0,364.29872495446267,0.0,0.0,0.0,0.0,0.0,0,1,0,0,0,0,0,0,0.0,0.0,0.0,0.0,0,0,0,0,0,0,0,0,2,0,-1,14600,0,0,0.0,0.0,0.0,0.0,5490.0,0.0,5490.0,5490.0,Anomaly,DoS,DoS-Synflooding
192.168.0.23-223.39.115.148-47448-443-6,223.39.115.148,443,192.168.0.23,47448,6,10/09/2019 01:41:31 AM,142,2,1,2896.0,1448.0,1448.0,1448.0,1448.0,0.0,1448.0,1448.0,1448.0,0.0,30591549.29577465,21126.76056338028,71.0,0.0,71.0,71.0,71.0,71.0,0.0,71.0,71.0,0.0,0.0,0.0,0.0,0.0,0,0,0,0,64,32,14084.507042253521,7042.253521126761,1448.0,1448.0,1448.0,0.0,0.0,0,0,0,0,1,0,0,0,0.0,1930.666666666667,1448.0,1448.0,0,0,0,0,0,0,2,2896,1,1448,-1,70,2,0,0.0,0.0,0.0,0.0,71.0,0.0,71.0,71.0,Anomaly,Mirai,Mirai-Hostbruteforceg
192.168.0.13-192.168.0.16-9020-52704-6,192.168.0.13,9020,192.168.0.16,52704,6,11/07/2019 01:14:58 AM,77,1,1,30.0,1388.0,30.0,30.0,30.0,0.0,1388.0,1388.0,1388.0,0.0,18415584.41558441,25974.025974025968,77.0,0.0,77.0,77.0,0.0,0.0,0.0,0.0,0.0,0.0,0.0,0.0,0.0,0.0,0,0,0,0,32,32,12987.012987012988,12987.012987012988,30.0,1388.0,935.3333333333333,784.0416655595117,614721.3333333335,0,0,0,0,1,0,0,0,1.0,1403.0,30.0,1388.0,0,0,0,0,0,0,1,30,1,1388,-1,1869,1,0,0.0,0.0,0.0,0.0,77.0,0.0,77.0,77.0,Anomaly,Scan,Scan Port OS
192.168.0.13-210.89.164.90-64775-9988-17,192.168.0.13,64775,210.89.164.90,9988,17,25/07/2019 03:20:51 AM,90,30,1,960.0,32.0,32.0,32.0,32.0,0.0,32.0,32.0,32.0,0.0,11022222.222222222,344444.44444444444,3.0,3.939192985791677,22.0,0.0,88.0,3.034482758620689,4.0043080249427225,22.0,0.0,0.0,0.0,0.0,0.0,0.0,0,0,0,0,240,8,333333.33333333326,11111.111111111111,32.0,32.0,32.0,0.0,0.0,0,0,0,0,0,0,0,0,0.0,33.03225806451613,32.0,32.0,0,0,0,0,0,0,30,960,1,32,-1,-1,30,0,1.2857142857142858,0.4879500364742666,2.0,1.0,4.4444444444444455,4.566144238043119,22.0,2.0,Anomaly,Mirai,Mirai-UDP Flooding
192.168.0.13-192.168.0.16-9020-52930-6,192.168.0.16,52930,192.168.0.13,9020,6,04/09/2019 03:55:38 AM,113,0,2,0.0,2776.0,0.0,0.0,0.0,0.0,1388.0,1388.0,1388.0,0.0,24566371.68141593,17699.115044247792,113.0,0.0,113.0,113.0,0.0,0.0,0.0,0.0,0.0,113.0,113.0,0.0,113.0,113.0,0,0,0,0,0,64,0.0,17699.115044247792,1388.0,1388.0,1388.0,0.0,0.0,0,0,0,0,1,0,0,0,0.0,2082.0,0.0,1388.0,0,0,0,0,0,0,0,0,2,2776,-1,1869,0,0,0.0,0.0,0.0,0.0,113.0,0.0,113.0,113.0,Anomaly,Mirai,Mirai-Hostbruteforceg
192.168.0.13-192.168.0.16-10000-10101-17,192.168.0.13,10000,192.168.0.16,10101,17,25/07/2019 03:25:16 AM,78,1,1,20.0,20.0,20.0,20.0,20.0,0.0,20.0,20.0,20.0,0.0,512820.5128205128,25641.02564102564,78.0,0.0,78.0,78.0,0.0,0.0,0.0,0.0,0.0,0.0,0.0,0.0,0.0,0.0,0,0,0,0,8,8,12820.51282051282,12820.51282051282,20.0,20.0,20.0,0.0,0.0,0,0,0,0,0,0,0,0,1.0,30.0,20.0,20.0,0,0,0,0,0,0,1,20,1,20,-1,-1,1,0,0.0,0.0,0.0,0.0,78.0,0.0,78.0,78.0,Anomaly,Mirai,Mirai-Ackflooding
192.168.0.13-192.168.0.16-56361-10101-17,192.168.0.13,56361,192.168.0.16,10101,17,25/07/2019 03:23:22 AM,114,1,1,1430.0,1430.0,1430.0,1430.0,1430.0,0.0,1430.0,1430.0,1430.0,0.0,25087719.29824561,17543.859649122805,114.0,0.0,114.0,114.0,0.0,0.0,0.0,0.0,0.0,0.0,0.0,0.0,0.0,0.0,0,0,0,0,8,8,8771.929824561403,8771.929824561403,1430.0,1430.0,1430.0,0.0,0.0,0,0,0,0,0,0,0,0,1.0,2145.0,1430.0,1430.0,0,0,0,0,0,0,1,1430,1,1430,-1,-1,1,0,0.0,0.0,0.0,0.0,114.0,0.0,114.0,114.0,Anomaly,Mirai,Mirai-Ackflooding
